{"stats":{"minecraft:killed_by":{"undead_revamp2:theimmortal":1,"minecraft:husk":1,"minecraft:player":1,"born_in_chaos_v1:nightmare_stalker":1,"undead_revamp2:thesomnolence":1,"iceandfire:sea_serpent":2,"mutantmonsters:mutant_creeper":1,"minecraft:skeleton":5},"minecraft:broken":{"vanillaplustools:stone_hammer":1},"minecraft:picked_up":{"luminousworld:groundpebbles_1":2,"minecraft:cocoa_beans":3,"minecraft:charcoal":4,"minecraft:crafting_table":3,"minecraft:wheat":1,"minecraft:flower_pot":1,"minecraft:gold_block":1,"minecraft:enchanted_book":1,"minecraft:brewing_stand":1,"minecraft:iron_leggings":1,"minecraft:armor_stand":1,"minecraft:item_frame":1,"minecraft:experience_bottle":3,"minecraft:zombie_head":1,"minecraft:cyan_carpet":1,"iceandfire:bestiary":1,"minecraft:player_head":1,"minecraft:poppy":6,"minecraft:sugar_cane":17,"minecraft:coal_block":3,"iceandfire:podium_acacia":1,"minecraft:phantom_membrane":1,"minecraft:egg":2,"minecraft:furnace":2,"minecraft:stick":11,"luminousworld:savannah_soil":8,"easy_villagers:iron_farm":2,"iceandfire:rotten_egg":1,"tombstone:grave_dust":1,"minecraft:stone_pressure_plate":3,"minecraft:yellow_banner":1,"iceandfire:lightning_lily":3,"minecraft:arrow":12,"minecraft:weeping_vines":2,"quark:clear_shard":5,"luminousworld:yellow_grassflowers":1,"alexsmobs:emu_egg":1,"minecraft:end_rod":1,"minecraft:gold_ingot":2,"supplementaries:ash":1,"minecraft:cobblestone":914,"minecraft:birch_log":5,"minecraft:magma_block":3,"minecraft:leather_chestplate":1,"luminousworld:savannah_ground":2,"artifacts:eternal_steak":1,"minecraft:andesite":22,"minecraft:jungle_log":6,"minecraft:smoker":2,"minecraft:potato":8,"minecraft:birch_planks":2,"minecraft:oak_log":57,"minecraft:yellow_bed":3,"minecraft:dirt":59,"minecraft:leather_boots":1,"minecraft:bone":19,"minecraft:apple":2,"iceandfire:pixie_jar_empty":1,"minecraft:kelp":4,"minecraft:wheat_seeds":4,"ad_astra:launch_pad":1,"minecraft:iron_ingot":2,"minecraft:bamboo":1,"minecraft:soul_sand":2,"luminousworld:creepberries":1,"minecraft:spruce_sapling":3,"minecraft:blast_furnace":14,"minecraft:spruce_log":6,"minecraft:cyan_bed":1,"alexsmobs:animal_dictionary":2,"minecraft:slime_ball":3,"iceandfire:lectern":1,"minecraft:spruce_sign":1,"minecraft:bread":19,"minecraft:oak_sapling":18,"minecraft:stripped_dark_oak_log":1,"minecraft:coal":49,"iceandfire:raw_silver":3},"minecraft:dropped":{"minecraft:bread":22,"minecraft:wheat_seeds":2,"minecraft:dirt":1,"tombstone:grave_dust":1,"alexsmobs:animal_dictionary":2,"tombstone:gift":1,"luminousworld:yellow_grassflowers":1,"minecraft:poppy":12,"luminousworld:groundpebbles_1":4},"minecraft:killed":{"minecraft:skeleton":10,"luminousworld:savannah_zombie":1,"minecraft:frog":1},"minecraft:crafted":{"minecraft:oak_planks":8,"minecraft:stone_shovel":9,"quark:birch_chest":2,"vanillaplustools:stone_hammer":1,"vanillaplustools:iron_hammer":1,"minecraft:stone_pickaxe":9,"vanillaplustools:stone_shovel":1,"quark:spruce_chest":3,"minecraft:dark_oak_planks":4,"minecraft:spruce_planks":24,"minecraft:iron_sword":1,"minecraft:birch_planks":20,"minecraft:stone_axe":1,"minecraft:stick":200,"minecraft:iron_pickaxe":8,"minecraft:torch":16},"minecraft:used":{"quark:birch_chest":2,"minecraft:armor_stand":1,"minecraft:chest":1,"minecraft:iron_sword":84,"vanillaplustools:stone_hammer":129,"minecraft:stick":1,"minecraft:iron_chestplate":1,"minecraft:torch":7,"minecraft:dirt":8,"ad_astra:tier_4_rocket":1,"enchantinginfuser:advanced_enchanting_infuser":1,"minecraft:wooden_axe":12,"quark:spruce_chest":2,"minecraft:grass_block":2,"easy_villagers:iron_farm":3,"minecraft:iron_boots":1,"minecraft:item_frame":1,"luminousworld:savannah_soil":4,"minecraft:oak_sapling":16,"minecraft:furnace":2,"tombstone:gift":4,"minecraft:egg":1,"minecraft:stone_pressure_plate":2,"minecraft:birch_planks":2,"minecraft:stone_pickaxe":9,"artifacts:eternal_steak":4,"minecraft:crafting_table":3,"vanillaplustools:stone_shovel":13,"minecraft:blast_furnace":2,"minecraft:flower_pot":1,"minecraft:bread":11,"minecraft:iron_pickaxe":190,"minecraft:spruce_sapling":3,"ad_astra:launch_pad":1,"minecraft:stone_axe":83,"enchantinginfuser:enchanting_infuser":1,"minecraft:cobblestone":8,"vanillaplustools:iron_hammer":1,"minecraft:andesite":1,"minecraft:yellow_bed":3,"alexsmobs:animal_dictionary":1,"minecraft:experience_bottle":2},"minecraft:custom":{"minecraft:mob_kills":13,"minecraft:interact_with_crafting_table":17,"minecraft:open_barrel":7,"minecraft:eat_cake_slice":7,"minecraft:leave_game":20,"minecraft:time_since_death":6814,"minecraft:climb_one_cm":3035,"minecraft:sprint_one_cm":209251,"minecraft:walk_one_cm":520058,"minecraft:drop":34,"minecraft:play_noteblock":1,"minecraft:talked_to_villager":5,"minecraft:play_time":240354,"minecraft:sneak_time":376,"minecraft:deaths":15,"minecraft:walk_under_water_one_cm":13121,"minecraft:jump":1976,"minecraft:enchant_item":2,"minecraft:interact_with_blast_furnace":3,"minecraft:walk_on_water_one_cm":26803,"minecraft:total_world_time":240354,"minecraft:interact_with_furnace":1,"minecraft:sleep_in_bed":1,"minecraft:time_since_rest":6616,"minecraft:damage_taken":4737,"minecraft:damage_dealt":2543,"minecraft:fly_one_cm":429311,"minecraft:player_kills":1,"minecraft:open_chest":68,"minecraft:crouch_one_cm":587,"tombstone:undead_killed":11,"minecraft:fall_one_cm":46819},"minecraft:mined":{"iceandfire:lightning_lily":3,"minecraft:yellow_wall_banner":1,"iceandfire:silver_ore":3,"minecraft:mossy_cobblestone":3,"luminousworld:grassvariant_4":1,"minecraft:brewing_stand":1,"minecraft:grass_block":23,"minecraft:jungle_log":6,"iceandfire:lectern":1,"luminousworld:grassvariant_2":4,"minecraft:coal_block":3,"minecraft:potted_bamboo":1,"luminousworld:savanna_grass_2":1,"minecraft:spawner":4,"minecraft:magma_block":3,"easy_villagers:iron_farm":2,"minecraft:furnace":2,"luminousworld:yellow_grassflowers":1,"minecraft:andesite":22,"minecraft:gold_block":1,"minecraft:brown_bed":1,"supplementaries:stick":1,"minecraft:vine":1,"minecraft:cave_vines":2,"minecraft:dirt_path":4,"minecraft:stone":924,"luminousworld:creepbush":1,"iceandfire:pixie_jar_empty":1,"luminousworld:savannah_soil":8,"minecraft:glass_pane":4,"minecraft:soul_sand":2,"minecraft:kelp_plant":1,"minecraft:smoker":2,"minecraft:stripped_dark_oak_log":1,"minecraft:crafting_table":3,"iceandfire:podium_acacia":1,"minecraft:blast_furnace":14,"minecraft:chest":1,"minecraft:rose_bush":1,"minecraft:campfire":2,"minecraft:tall_grass":15,"minecraft:glass":2,"minecraft:cobblestone":8,"minecraft:cyan_bed":1,"minecraft:sugar_cane":6,"minecraft:diorite":1,"minecraft:cyan_wool":2,"minecraft:birch_planks":2,"minecraft:birch_log":5,"minecraft:spruce_log":6,"minecraft:yellow_bed":3,"minecraft:grass":13,"minecraft:coal_ore":25,"minecraft:oak_log":57,"minecraft:end_rod":1,"minecraft:zombie_head":1,"minecraft:dirt":54,"luminousworld:grassvariant_3":1,"minecraft:oak_leaves":4,"luminousworld:savannah_ground":2}},"DataVersion":3465}