{"stats":{"minecraft:mined":{"minecraft:grass":5},"minecraft:used":{"alexsmobs:animal_dictionary":1,"minecraft:egg":1},"minecraft:killed_by":{"minecraft:skeleton":1,"minecraft:player":1,"born_in_chaos_v1:nightmare_stalker":1},"minecraft:custom":{"minecraft:time_since_rest":1922,"minecraft:sprint_one_cm":25958,"minecraft:play_time":22412,"minecraft:deaths":3,"minecraft:damage_taken":799,"minecraft:walk_one_cm":29195,"minecraft:sneak_time":49,"minecraft:walk_under_water_one_cm":218,"minecraft:drop":2,"minecraft:jump":254,"minecraft:damage_dealt":172,"minecraft:leave_game":6,"minecraft:walk_on_water_one_cm":2675,"minecraft:time_since_death":4321,"minecraft:total_world_time":22412,"minecraft:player_kills":1,"minecraft:fly_one_cm":72957,"minecraft:fall_one_cm":5939},"minecraft:picked_up":{"iceandfire:rotten_egg":1,"alexsmobs:animal_dictionary":2,"minecraft:egg":1},"minecraft:dropped":{"alexsmobs:animal_dictionary":2}},"DataVersion":3465}