{"stats":{"minecraft:broken":{"minecraft:golden_helmet":1,"vanillaplustools:iron_hammer":1,"minecraft:stone_axe":3,"minecraft:iron_sword":1,"vanillaplustools:stone_hammer":1,"vanillaplustools:stone_shovel":1},"minecraft:killed_by":{"born_in_chaos_v1:nightmare_stalker":1,"iceandfire:sea_serpent":2,"mutantmonsters:mutant_creeper":1,"undead_revamp2:theimmortal":1,"minecraft:husk":2,"minecraft:player":1,"undead_revamp2:thesomnolence":2,"undead_revamp2:thehunter":1,"minecraft:skeleton":8},"minecraft:custom":{"minecraft:interact_with_crafting_table":44,"minecraft:open_barrel":10,"minecraft:eat_cake_slice":7,"minecraft:leave_game":30,"minecraft:time_since_death":1631,"minecraft:sprint_one_cm":344732,"minecraft:drop":134,"minecraft:play_noteblock":1,"minecraft:talked_to_villager":10,"minecraft:play_time":441270,"minecraft:deaths":24,"minecraft:jump":3469,"minecraft:walk_on_water_one_cm":30786,"minecraft:enchant_item":2,"minecraft:interact_with_furnace":36,"minecraft:sleep_in_bed":6,"minecraft:damage_dealt":15068,"minecraft:player_kills":2,"minecraft:crouch_one_cm":10994,"tombstone:undead_killed":27,"minecraft:inspect_dispenser":4,"minecraft:mob_kills":43,"minecraft:damage_dealt_resisted":74,"minecraft:climb_one_cm":5382,"minecraft:walk_one_cm":1181080,"minecraft:sneak_time":3575,"minecraft:walk_under_water_one_cm":13990,"minecraft:interact_with_lectern":1,"minecraft:interact_with_blast_furnace":5,"minecraft:total_world_time":441270,"minecraft:time_since_rest":1102,"minecraft:damage_taken":8320,"minecraft:fly_one_cm":558021,"minecraft:open_chest":149,"minecraft:fall_one_cm":90992},"minecraft:mined":{"minecraft:red_nether_brick_slab":13,"minecraft:red_nether_bricks":8,"minecraft:brewing_stand":1,"cataclysm:stone_tiles":2,"minecraft:granite":3,"minecraft:grass_block":215,"minecraft:jungle_log":6,"iceandfire:lectern":1,"minecraft:deepslate_bricks":15,"minecraft:coal_block":11,"minecraft:hopper":2,"luminousworld:savanna_grass_2":1,"minecraft:spawner":10,"minecraft:magma_block":4,"minecraft:iron_ore":4,"minecraft:anvil":1,"minecraft:brown_bed":1,"supplementaries:stick":2,"minecraft:cave_vines":2,"minecraft:dirt_path":15,"minecraft:light_gray_concrete":28,"minecraft:tripwire":2,"luminousworld:creepbush":1,"minecraft:deepslate_redstone_ore":14,"minecraft:kelp_plant":1,"minecraft:smoker":2,"minecraft:chiseled_quartz_block":5,"iceandfire:podium_acacia":1,"minecraft:torch":2,"minecraft:blast_furnace":14,"minecraft:chest":1,"minecraft:glass":2,"minecraft:cobblestone":9,"minecraft:cyan_bed":1,"minecraft:grindstone":1,"minecraft:sugar_cane":6,"minecraft:iron_door":1,"minecraft:cyan_wool":2,"minecraft:birch_log":5,"minecraft:smooth_stone_slab":1,"minecraft:grass":27,"minecraft:oak_log":58,"minecraft:smooth_quartz":21,"minecraft:sand":271,"minecraft:dirt":299,"luminousworld:grassvariant_3":5,"minecraft:netherrack":7,"minecraft:oak_leaves":4,"minecraft:deepslate":1049,"luminousworld:savannah_ground":2,"iceandfire:lightning_lily":3,"minecraft:deepslate_tiles":1,"minecraft:tuff":170,"minecraft:yellow_wall_banner":1,"iceandfire:silver_ore":5,"minecraft:mossy_cobblestone":3,"luminousworld:grassvariant_4":1,"minecraft:deepslate_diamond_ore":16,"minecraft:spruce_fence":1,"connectedglass:clear_glass":9,"luminousworld:grassvariant_2":5,"minecraft:potted_bamboo":1,"easy_villagers:iron_farm":2,"minecraft:furnace":5,"luminousworld:yellow_grassflowers":2,"minecraft:andesite":82,"minecraft:peony":3,"minecraft:gold_block":1,"minecraft:bookshelf":15,"minecraft:vine":1,"luminousworld:groundpebbles_2":1,"minecraft:stone":1879,"iceandfire:pixie_jar_empty":1,"minecraft:podzol":73,"luminousworld:savannah_soil":11,"minecraft:scaffolding":4,"minecraft:gray_concrete":1,"minecraft:glass_pane":4,"minecraft:soul_sand":2,"minecraft:stripped_dark_oak_log":1,"minecraft:observer":1,"minecraft:crafting_table":4,"minecraft:rose_bush":1,"minecraft:campfire":2,"minecraft:tall_grass":16,"minecraft:copper_ore":3,"minecraft:diorite":88,"supplementaries:urn":5,"minecraft:birch_planks":2,"minecraft:cobblestone_wall":2,"minecraft:birch_leaves":3,"minecraft:spruce_log":304,"minecraft:yellow_bed":3,"minecraft:coal_ore":55,"luminousworld:ishstone":28,"minecraft:zombie_head":1,"minecraft:end_rod":1,"minecraft:gravel":12,"minecraft:dripstone_block":25,"minecraft:cobweb":1},"minecraft:dropped":{"minecraft:dirt":38,"vanillaplustools:stone_shovel":2,"alexsmobs:animal_dictionary":2,"tombstone:gift":1,"minecraft:rabbit_foot":80,"minecraft:poppy":12,"minecraft:bread":22,"minecraft:wheat_seeds":2,"minecraft:dripstone_block":24,"minecraft:cobblestone":374,"minecraft:stick":2,"minecraft:diorite":87,"minecraft:smooth_quartz":17,"tombstone:grave_dust":1,"minecraft:chiseled_quartz_block":2,"minecraft:tuff":33,"minecraft:light_gray_concrete":4,"luminousworld:yellow_grassflowers":1,"luminousworld:groundpebbles_1":4,"minecraft:andesite":61},"minecraft:killed":{"iceandfire:hippogryph":7,"minecraft:skeleton":22,"minecraft:magma_cube":3,"minecraft:zombie":2,"undead_revamp2:thehunter":1,"born_in_chaos_v1:zombie_bruiser":1,"born_in_chaos_v1:maggot":2,"iceandfire:fire_dragon":1,"luminousworld:savannah_zombie":1,"minecraft:frog":1},"minecraft:picked_up":{"minecraft:iron_chestplate":4,"minecraft:wheat":2,"minecraft:flower_pot":1,"minecraft:anvil":1,"minecraft:lead":2,"minecraft:enchanted_book":1,"minecraft:brewing_stand":1,"minecraft:raw_copper":14,"minecraft:red_nether_bricks":8,"minecraft:iron_leggings":5,"minecraft:armor_stand":9,"minecraft:zombie_head":1,"minecraft:experience_bottle":4,"vanillaplustools:stone_shovel":2,"minecraft:deepslate_tiles":1,"minecraft:cobbled_deepslate":1028,"minecraft:smooth_quartz":35,"minecraft:coal_block":11,"minecraft:iron_boots":8,"minecraft:furnace":5,"minecraft:stick":32,"minecraft:torch":9,"luminousworld:savannah_soil":11,"easy_villagers:iron_farm":2,"iceandfire:rotten_egg":1,"tombstone:grave_dust":2,"minecraft:pointed_dripstone":3,"minecraft:diorite":87,"minecraft:rabbit_foot":64,"minecraft:yellow_banner":1,"iceandfire:lightning_lily":3,"luminousworld:grassflowers":2,"quark:clear_shard":5,"luminousworld:yellow_grassflowers":3,"iceandfire:fire_dragon_heart":1,"alexsmobs:emu_egg":1,"minecraft:end_rod":1,"supplementaries:ash":7,"minecraft:cobblestone":1855,"minecraft:birch_log":5,"minecraft:magma_block":4,"luminousworld:savannah_ground":2,"minecraft:leather_chestplate":1,"minecraft:feather":13,"minecraft:andesite":78,"minecraft:jungle_log":6,"minecraft:chiseled_quartz_block":2,"minecraft:smoker":2,"minecraft:potato":8,"minecraft:flint":2,"minecraft:tuff":38,"minecraft:lapis_lazuli":11,"minecraft:dirt":570,"minecraft:leather_boots":1,"minecraft:bone":29,"minecraft:wheat_seeds":12,"ad_astra:launch_pad":1,"minecraft:grindstone":1,"minecraft:bamboo":1,"luminousworld:creepberries":1,"iceandfire:dragon_skull_fire":1,"minecraft:sand":253,"minecraft:cyan_bed":1,"cataclysm:stone_tiles":2,"alexsmobs:animal_dictionary":2,"minecraft:light_gray_concrete":4,"minecraft:diamond":16,"luminousworld:yellowpetunias":1,"iceandfire:lectern":1,"minecraft:granite":2,"minecraft:spruce_sign":1,"minecraft:bread":19,"minecraft:oak_sapling":18,"minecraft:netherrack":6,"iceandfire:raw_silver":5,"minecraft:cocoa_beans":3,"luminousworld:groundpebbles_1":5,"minecraft:charcoal":4,"minecraft:crafting_table":4,"minecraft:allium":2,"minecraft:gold_block":1,"minecraft:item_frame":1,"minecraft:cyan_carpet":1,"iceandfire:bestiary":1,"minecraft:player_head":1,"minecraft:observer":1,"minecraft:poppy":6,"minecraft:sugar_cane":17,"iceandfire:podium_acacia":1,"minecraft:birch_sapling":1,"minecraft:phantom_membrane":1,"minecraft:egg":2,"minecraft:raw_iron":4,"iceandfire:dragonscales_gray":8,"iceandfire:dragonbone":11,"minecraft:spruce_fence":1,"minecraft:stone_button":1,"minecraft:redstone":54,"minecraft:stone_pressure_plate":3,"minecraft:arrow":18,"minecraft:weeping_vines":2,"minecraft:peony":2,"minecraft:deepslate_bricks":15,"minecraft:gold_ingot":2,"minecraft:glow_berries":1,"artifacts:eternal_steak":1,"luminousworld:ishstone":28,"minecraft:leather":12,"minecraft:birch_planks":2,"minecraft:oak_log":57,"minecraft:yellow_bed":4,"minecraft:cobblestone_wall":2,"minecraft:apple":2,"iceandfire:pixie_jar_empty":1,"minecraft:kelp":4,"minecraft:iron_ingot":2,"minecraft:iron_sword":1,"iceandfire:fire_dragon_flesh":5,"minecraft:soul_sand":2,"minecraft:book":45,"minecraft:scaffolding":4,"minecraft:dripstone_block":24,"luminousworld:sunset_petunias":2,"minecraft:gravel":8,"minecraft:spruce_sapling":44,"minecraft:blast_furnace":14,"minecraft:spruce_log":304,"minecraft:dark_oak_fence_gate":1,"minecraft:slime_ball":3,"minecraft:chainmail_leggings":1,"minecraft:iron_helmet":4,"minecraft:red_nether_brick_slab":12,"minecraft:stripped_dark_oak_log":1,"minecraft:coal":78,"minecraft:hopper":2},"minecraft:crafted":{"minecraft:oak_planks":8,"quark:birch_chest":2,"connectedglass:clear_glass":248,"quark:sturdy_stone":1,"minecraft:stone":256,"connectedglass:borderless_glass":248,"minecraft:deepslate_brick_stairs":20,"minecraft:glass":249,"vanillaplustools:iron_hammer":1,"vanillaplustools:stone_shovel":1,"minecraft:stone_bricks":256,"minecraft:spruce_planks":52,"minecraft:birch_planks":20,"minecraft:stick":200,"minecraft:iron_pickaxe":8,"minecraft:deepslate_bricks":616,"minecraft:stone_shovel":9,"minecraft:coal":72,"vanillaplustools:stone_hammer":2,"minecraft:furnace":4,"minecraft:bone_meal":30,"cataclysm:stone_tiles":256,"minecraft:polished_deepslate":640,"quark:cobblestone_bricks":4,"minecraft:stone_pickaxe":18,"quark:spruce_chest":3,"minecraft:dark_oak_planks":4,"ironchest:wood_to_iron_chest_upgrade":7,"minecraft:iron_sword":2,"minecraft:stone_axe":5,"minecraft:deepslate_tiles":436,"minecraft:air":0,"minecraft:torch":16},"minecraft:used":{"quark:sturdy_stone":1,"minecraft:chest":1,"minecraft:iron_sword":301,"minecraft:iron_chestplate":1,"cataclysm:stone_tiles":82,"ad_astra:tier_4_rocket":1,"enchantinginfuser:advanced_enchanting_infuser":1,"minecraft:lava_bucket":2,"minecraft:grass_block":100,"easy_villagers:iron_farm":9,"iceandfire:dragonsteel_fire_sword":9,"minecraft:item_frame":1,"minecraft:oak_sapling":16,"minecraft:furnace":6,"minecraft:egg":1,"minecraft:stone_pickaxe":9,"artifacts:eternal_steak":4,"luminousworld:groundpebbles_1":1,"minecraft:sand":4,"minecraft:blast_furnace":2,"minecraft:deepslate_brick_stairs":14,"minecraft:deepslate_tiles":217,"minecraft:bread":36,"ad_astra:launch_pad":1,"iceandfire:spawn_egg_hippogryph":8,"minecraft:andesite":16,"minecraft:bone_meal":15,"minecraft:experience_bottle":3,"ironchest:wood_to_iron_chest_upgrade":2,"quark:birch_chest":2,"minecraft:armor_stand":1,"vanillaplustools:stone_hammer":219,"minecraft:stick":2,"minecraft:torch":24,"minecraft:dirt":518,"minecraft:spruce_fence":1,"minecraft:wooden_axe":12,"quark:spruce_chest":2,"minecraft:iron_boots":1,"luminousworld:savannah_soil":7,"iceandfire:dread_queen_sword":17,"tombstone:gift":4,"minecraft:stone_pressure_plate":2,"minecraft:cobbled_deepslate":40,"minecraft:birch_planks":2,"quark:cobblestone_bricks":2,"minecraft:red_nether_bricks":8,"luminousworld:yellow_grassflowers":1,"minecraft:deepslate_bricks":162,"connectedglass:clear_glass":69,"minecraft:crafting_table":3,"vanillaplustools:stone_shovel":145,"minecraft:flower_pot":1,"minecraft:iron_pickaxe":283,"minecraft:spruce_sapling":44,"minecraft:stone_axe":424,"enchantinginfuser:enchanting_infuser":1,"minecraft:cobblestone":36,"vanillaplustools:iron_hammer":244,"minecraft:bucket":4,"minecraft:yellow_bed":3,"alexsmobs:animal_dictionary":1}},"DataVersion":3465}