{"stats":{"minecraft:killed_by":{"minecraft:skeleton":1,"minecraft:player":1,"born_in_chaos_v1:nightmare_stalker":1},"minecraft:used":{"minecraft:wooden_axe":12,"alexsmobs:animal_dictionary":1,"minecraft:egg":1,"ad_astra:tier_4_rocket":1,"ad_astra:launch_pad":1},"minecraft:mined":{"minecraft:grass":6,"minecraft:grass_block":8,"minecraft:vine":1,"minecraft:jungle_log":6,"minecraft:end_rod":1,"minecraft:dirt":8,"minecraft:oak_leaves":2},"minecraft:picked_up":{"minecraft:cocoa_beans":3,"minecraft:jungle_log":6,"ad_astra:launch_pad":1,"minecraft:end_rod":1,"iceandfire:rotten_egg":1,"minecraft:oak_sapling":2,"minecraft:dirt":2,"alexsmobs:animal_dictionary":2,"minecraft:egg":1},"minecraft:custom":{"minecraft:open_chest":1,"minecraft:time_since_rest":18874,"minecraft:play_time":39364,"minecraft:interact_with_furnace":1,"minecraft:sprint_one_cm":34429,"minecraft:damage_taken":799,"minecraft:walk_one_cm":46890,"minecraft:deaths":3,"minecraft:sneak_time":151,"minecraft:walk_under_water_one_cm":218,"minecraft:drop":2,"minecraft:jump":335,"minecraft:damage_dealt":192,"minecraft:leave_game":9,"minecraft:time_since_death":21273,"minecraft:walk_on_water_one_cm":2675,"minecraft:total_world_time":39364,"minecraft:climb_one_cm":291,"minecraft:fly_one_cm":128449,"minecraft:player_kills":1,"minecraft:fall_one_cm":6415},"minecraft:dropped":{"alexsmobs:animal_dictionary":2}},"DataVersion":3465}