{"stats":{"minecraft:mined":{"minecraft:grass":5},"minecraft:killed_by":{"minecraft:player":1,"minecraft:skeleton":1},"minecraft:custom":{"minecraft:jump":194,"minecraft:time_since_rest":1720,"minecraft:damage_dealt":172,"minecraft:damage_taken":619,"minecraft:leave_game":6,"minecraft:play_time":14120,"minecraft:time_since_death":3739,"minecraft:sprint_one_cm":19433,"minecraft:walk_one_cm":21849,"minecraft:walk_on_water_one_cm":2579,"minecraft:deaths":2,"minecraft:sneak_time":40,"minecraft:total_world_time":14120,"minecraft:walk_under_water_one_cm":218,"minecraft:fall_one_cm":5312,"minecraft:fly_one_cm":60214,"minecraft:player_kills":1}},"DataVersion":3465}