{"stats":{"minecraft:killed_by":{"undead_revamp2:theimmortal":1,"undead_revamp2:thesomnolence":1,"minecraft:player":1,"born_in_chaos_v1:nightmare_stalker":1,"mutantmonsters:mutant_creeper":1,"minecraft:skeleton":1},"minecraft:picked_up":{"minecraft:charcoal":4,"minecraft:cocoa_beans":3,"luminousworld:savannah_ground":2,"artifacts:eternal_steak":1,"minecraft:flower_pot":1,"minecraft:jungle_log":6,"minecraft:potato":8,"luminousworld:savannah_soil":3,"iceandfire:rotten_egg":1,"minecraft:yellow_bed":1,"minecraft:dirt":3,"alexsmobs:animal_dictionary":2,"minecraft:slime_ball":3,"iceandfire:pixie_jar_empty":1,"iceandfire:lectern":1,"minecraft:item_frame":1,"minecraft:experience_bottle":2,"iceandfire:bestiary":1,"minecraft:wheat_seeds":2,"ad_astra:launch_pad":1,"minecraft:iron_ingot":1,"minecraft:gold_ingot":1,"minecraft:end_rod":1,"minecraft:bamboo":1,"minecraft:oak_sapling":2,"iceandfire:podium_acacia":1,"minecraft:sugar_cane":8,"minecraft:egg":1},"minecraft:dropped":{"alexsmobs:animal_dictionary":2},"minecraft:used":{"minecraft:wooden_axe":12,"minecraft:flower_pot":1,"minecraft:grass_block":2,"minecraft:chest":1,"artifacts:eternal_steak":4,"ad_astra:launch_pad":1,"minecraft:item_frame":1,"enchantinginfuser:enchanting_infuser":1,"minecraft:dirt":1,"luminousworld:savannah_soil":3,"alexsmobs:animal_dictionary":1,"tombstone:gift":4,"ad_astra:tier_4_rocket":1,"minecraft:egg":1,"enchantinginfuser:advanced_enchanting_infuser":1},"minecraft:custom":{"minecraft:time_since_rest":30125,"minecraft:interact_with_furnace":1,"minecraft:sprint_one_cm":99367,"minecraft:damage_taken":2244,"minecraft:walk_one_cm":144462,"minecraft:drop":2,"minecraft:damage_dealt":281,"minecraft:player_kills":1,"minecraft:fly_one_cm":313362,"minecraft:crouch_one_cm":174,"minecraft:open_chest":37,"minecraft:play_time":147215,"minecraft:deaths":7,"minecraft:sneak_time":196,"minecraft:walk_under_water_one_cm":796,"minecraft:jump":845,"minecraft:interact_with_blast_furnace":1,"minecraft:leave_game":18,"minecraft:walk_on_water_one_cm":4936,"minecraft:time_since_death":30310,"minecraft:enchant_item":2,"minecraft:climb_one_cm":291,"minecraft:total_world_time":147215,"minecraft:fall_one_cm":15612},"minecraft:mined":{"iceandfire:pixie_jar_empty":1,"luminousworld:savannah_soil":3,"minecraft:cyan_wool":2,"iceandfire:podium_acacia":1,"minecraft:yellow_bed":1,"minecraft:brown_bed":1,"minecraft:campfire":2,"minecraft:grass":11,"minecraft:grass_block":11,"minecraft:vine":1,"minecraft:chest":1,"minecraft:jungle_log":6,"minecraft:rose_bush":1,"minecraft:end_rod":1,"iceandfire:lectern":1,"minecraft:dirt":10,"luminousworld:grassvariant_2":2,"minecraft:tall_grass":15,"minecraft:potted_bamboo":1,"minecraft:sugar_cane":3,"minecraft:oak_leaves":2,"luminousworld:savannah_ground":2}},"DataVersion":3465}