{"stats":{"minecraft:killed_by":{"undead_revamp2:theimmortal":1,"undead_revamp2:thesomnolence":1,"minecraft:player":1,"born_in_chaos_v1:nightmare_stalker":1,"mutantmonsters:mutant_creeper":1,"minecraft:skeleton":1},"minecraft:picked_up":{"minecraft:cocoa_beans":3,"minecraft:jungle_log":6,"iceandfire:rotten_egg":1,"minecraft:dirt":3,"alexsmobs:animal_dictionary":2,"ad_astra:launch_pad":1,"minecraft:end_rod":1,"minecraft:oak_sapling":2,"minecraft:sugar_cane":8,"minecraft:egg":1},"minecraft:dropped":{"alexsmobs:animal_dictionary":2},"minecraft:used":{"minecraft:wooden_axe":12,"minecraft:grass_block":2,"minecraft:chest":1,"ad_astra:launch_pad":1,"enchantinginfuser:enchanting_infuser":1,"minecraft:dirt":1,"alexsmobs:animal_dictionary":1,"tombstone:gift":4,"ad_astra:tier_4_rocket":1,"minecraft:egg":1,"enchantinginfuser:advanced_enchanting_infuser":1},"minecraft:custom":{"minecraft:time_since_rest":9737,"minecraft:interact_with_furnace":1,"minecraft:sprint_one_cm":68289,"minecraft:damage_taken":1644,"minecraft:walk_one_cm":71964,"minecraft:drop":2,"minecraft:damage_dealt":241,"minecraft:player_kills":1,"minecraft:fly_one_cm":290174,"minecraft:open_chest":5,"minecraft:play_time":111870,"minecraft:deaths":6,"minecraft:sneak_time":151,"minecraft:walk_under_water_one_cm":796,"minecraft:jump":587,"minecraft:leave_game":17,"minecraft:time_since_death":11112,"minecraft:walk_on_water_one_cm":4936,"minecraft:enchant_item":2,"minecraft:climb_one_cm":291,"minecraft:total_world_time":111870,"minecraft:fall_one_cm":11613},"minecraft:mined":{"minecraft:grass":6,"minecraft:grass_block":9,"minecraft:chest":1,"minecraft:vine":1,"minecraft:jungle_log":6,"minecraft:rose_bush":1,"minecraft:end_rod":1,"minecraft:dirt":8,"minecraft:tall_grass":1,"minecraft:sugar_cane":3,"minecraft:oak_leaves":2}},"DataVersion":3465}