{"stats":{"minecraft:killed_by":{"undead_revamp2:theimmortal":1,"minecraft:husk":2,"minecraft:player":1,"born_in_chaos_v1:nightmare_stalker":1,"undead_revamp2:thesomnolence":2,"iceandfire:sea_serpent":2,"mutantmonsters:mutant_creeper":1,"minecraft:skeleton":8},"minecraft:broken":{"minecraft:golden_helmet":1,"vanillaplustools:stone_hammer":1,"minecraft:stone_axe":1,"minecraft:iron_sword":1},"minecraft:picked_up":{"minecraft:iron_chestplate":4,"luminousworld:groundpebbles_1":3,"minecraft:cocoa_beans":3,"minecraft:charcoal":4,"minecraft:crafting_table":3,"minecraft:allium":2,"minecraft:wheat":2,"minecraft:anvil":1,"minecraft:flower_pot":1,"minecraft:gold_block":1,"minecraft:enchanted_book":1,"minecraft:brewing_stand":1,"minecraft:raw_copper":14,"minecraft:red_nether_bricks":8,"minecraft:iron_leggings":5,"minecraft:armor_stand":9,"minecraft:item_frame":1,"minecraft:experience_bottle":4,"minecraft:zombie_head":1,"minecraft:cyan_carpet":1,"iceandfire:bestiary":1,"minecraft:cobbled_deepslate":1028,"minecraft:smooth_quartz":35,"minecraft:player_head":1,"minecraft:observer":1,"minecraft:poppy":6,"minecraft:birch_sapling":1,"minecraft:sugar_cane":17,"minecraft:coal_block":11,"iceandfire:podium_acacia":1,"minecraft:iron_boots":8,"minecraft:phantom_membrane":1,"minecraft:egg":2,"minecraft:furnace":5,"minecraft:raw_iron":4,"minecraft:stick":16,"minecraft:torch":1,"minecraft:spruce_fence":1,"luminousworld:savannah_soil":11,"easy_villagers:iron_farm":2,"iceandfire:rotten_egg":1,"minecraft:pointed_dripstone":3,"tombstone:grave_dust":1,"minecraft:diorite":87,"minecraft:redstone":54,"minecraft:stone_pressure_plate":3,"luminousworld:grassflowers":1,"minecraft:yellow_banner":1,"iceandfire:lightning_lily":3,"minecraft:arrow":14,"minecraft:weeping_vines":2,"quark:clear_shard":5,"luminousworld:yellow_grassflowers":2,"minecraft:peony":2,"alexsmobs:emu_egg":1,"minecraft:end_rod":1,"minecraft:gold_ingot":2,"supplementaries:ash":7,"minecraft:glow_berries":1,"minecraft:cobblestone":1157,"minecraft:birch_log":5,"minecraft:magma_block":3,"minecraft:leather_chestplate":1,"luminousworld:savannah_ground":2,"artifacts:eternal_steak":1,"minecraft:andesite":78,"minecraft:jungle_log":6,"luminousworld:ishstone":28,"minecraft:chiseled_quartz_block":2,"minecraft:smoker":2,"minecraft:potato":8,"minecraft:birch_planks":2,"minecraft:tuff":38,"minecraft:oak_log":57,"minecraft:yellow_bed":3,"minecraft:cobblestone_wall":2,"minecraft:lapis_lazuli":11,"minecraft:dirt":142,"minecraft:leather_boots":1,"minecraft:bone":25,"minecraft:apple":2,"iceandfire:pixie_jar_empty":1,"minecraft:kelp":4,"minecraft:grindstone":1,"minecraft:wheat_seeds":10,"ad_astra:launch_pad":1,"minecraft:iron_ingot":2,"minecraft:bamboo":1,"minecraft:iron_sword":1,"minecraft:soul_sand":2,"minecraft:book":45,"minecraft:scaffolding":4,"luminousworld:creepberries":1,"minecraft:gravel":2,"minecraft:dripstone_block":24,"minecraft:sand":4,"minecraft:spruce_sapling":9,"minecraft:blast_furnace":14,"minecraft:spruce_log":20,"minecraft:cyan_bed":1,"alexsmobs:animal_dictionary":2,"minecraft:light_gray_concrete":4,"minecraft:slime_ball":3,"minecraft:diamond":16,"iceandfire:lectern":1,"minecraft:chainmail_leggings":1,"minecraft:iron_helmet":4,"minecraft:granite":2,"minecraft:spruce_sign":1,"minecraft:bread":19,"minecraft:red_nether_brick_slab":12,"minecraft:hopper":2,"minecraft:oak_sapling":18,"minecraft:netherrack":1,"minecraft:stripped_dark_oak_log":1,"minecraft:coal":58,"iceandfire:raw_silver":5},"minecraft:dropped":{"minecraft:bread":22,"minecraft:wheat_seeds":2,"minecraft:dripstone_block":24,"minecraft:cobblestone":374,"minecraft:stick":2,"minecraft:dirt":38,"minecraft:diorite":87,"minecraft:smooth_quartz":17,"tombstone:grave_dust":1,"minecraft:chiseled_quartz_block":2,"alexsmobs:animal_dictionary":2,"minecraft:tuff":33,"tombstone:gift":1,"minecraft:light_gray_concrete":4,"luminousworld:yellow_grassflowers":1,"minecraft:poppy":12,"luminousworld:groundpebbles_1":4,"minecraft:andesite":61},"minecraft:killed":{"undead_revamp2:thehunter":1,"born_in_chaos_v1:maggot":2,"born_in_chaos_v1:zombie_bruiser":1,"minecraft:skeleton":20,"luminousworld:savannah_zombie":1,"minecraft:magma_cube":3,"minecraft:frog":1,"minecraft:zombie":2},"minecraft:crafted":{"minecraft:oak_planks":8,"minecraft:stone_shovel":9,"quark:birch_chest":2,"vanillaplustools:stone_hammer":1,"minecraft:bone_meal":30,"vanillaplustools:iron_hammer":1,"minecraft:stone_pickaxe":9,"vanillaplustools:stone_shovel":1,"quark:spruce_chest":3,"minecraft:dark_oak_planks":4,"minecraft:spruce_planks":24,"minecraft:iron_sword":2,"minecraft:birch_planks":20,"minecraft:stone_axe":2,"minecraft:stick":200,"minecraft:iron_pickaxe":8,"minecraft:torch":16},"minecraft:used":{"quark:birch_chest":2,"minecraft:armor_stand":1,"minecraft:chest":1,"minecraft:iron_sword":283,"vanillaplustools:stone_hammer":129,"minecraft:stick":2,"minecraft:iron_chestplate":1,"minecraft:torch":13,"minecraft:dirt":8,"ad_astra:tier_4_rocket":1,"enchantinginfuser:advanced_enchanting_infuser":1,"minecraft:wooden_axe":12,"minecraft:lava_bucket":2,"quark:spruce_chest":2,"minecraft:grass_block":2,"easy_villagers:iron_farm":9,"minecraft:iron_boots":1,"minecraft:item_frame":1,"luminousworld:savannah_soil":7,"minecraft:oak_sapling":16,"minecraft:furnace":2,"tombstone:gift":4,"minecraft:egg":1,"minecraft:stone_pressure_plate":2,"minecraft:cobbled_deepslate":40,"minecraft:birch_planks":2,"minecraft:stone_pickaxe":9,"minecraft:red_nether_bricks":8,"artifacts:eternal_steak":4,"luminousworld:groundpebbles_1":1,"luminousworld:yellow_grassflowers":1,"minecraft:sand":4,"minecraft:crafting_table":3,"vanillaplustools:stone_shovel":40,"minecraft:blast_furnace":2,"minecraft:flower_pot":1,"minecraft:bread":29,"minecraft:iron_pickaxe":190,"minecraft:spruce_sapling":9,"ad_astra:launch_pad":1,"minecraft:stone_axe":138,"enchantinginfuser:enchanting_infuser":1,"minecraft:cobblestone":8,"vanillaplustools:iron_hammer":238,"minecraft:bucket":4,"minecraft:andesite":16,"minecraft:yellow_bed":3,"alexsmobs:animal_dictionary":1,"minecraft:bone_meal":2,"minecraft:experience_bottle":3},"minecraft:custom":{"minecraft:mob_kills":33,"minecraft:interact_with_crafting_table":22,"minecraft:open_barrel":10,"minecraft:eat_cake_slice":7,"minecraft:leave_game":20,"minecraft:time_since_death":21403,"minecraft:climb_one_cm":5382,"minecraft:sprint_one_cm":308248,"minecraft:walk_one_cm":870701,"minecraft:drop":52,"minecraft:play_noteblock":1,"minecraft:talked_to_villager":10,"minecraft:play_time":324354,"minecraft:sneak_time":985,"minecraft:deaths":21,"minecraft:walk_under_water_one_cm":13990,"minecraft:interact_with_lectern":1,"minecraft:jump":2992,"minecraft:enchant_item":2,"minecraft:interact_with_blast_furnace":5,"minecraft:walk_on_water_one_cm":30786,"minecraft:total_world_time":324354,"minecraft:interact_with_furnace":6,"minecraft:sleep_in_bed":1,"minecraft:time_since_rest":20722,"minecraft:damage_taken":7408,"minecraft:damage_dealt":9148,"minecraft:fly_one_cm":531442,"minecraft:player_kills":2,"minecraft:open_chest":105,"minecraft:crouch_one_cm":2502,"tombstone:undead_killed":25,"minecraft:inspect_dispenser":4,"minecraft:fall_one_cm":83325},"minecraft:mined":{"iceandfire:lightning_lily":3,"minecraft:tuff":170,"minecraft:yellow_wall_banner":1,"iceandfire:silver_ore":5,"minecraft:mossy_cobblestone":3,"minecraft:deepslate_diamond_ore":16,"luminousworld:grassvariant_4":1,"minecraft:red_nether_bricks":8,"minecraft:brewing_stand":1,"minecraft:granite":3,"minecraft:spruce_fence":1,"minecraft:grass_block":90,"minecraft:jungle_log":6,"iceandfire:lectern":1,"luminousworld:grassvariant_2":5,"minecraft:coal_block":11,"minecraft:potted_bamboo":1,"minecraft:hopper":2,"luminousworld:savanna_grass_2":1,"minecraft:spawner":10,"minecraft:magma_block":3,"easy_villagers:iron_farm":2,"minecraft:furnace":5,"luminousworld:yellow_grassflowers":2,"minecraft:iron_ore":4,"minecraft:andesite":82,"minecraft:anvil":1,"minecraft:peony":3,"minecraft:gold_block":1,"minecraft:brown_bed":1,"minecraft:bookshelf":15,"supplementaries:stick":2,"minecraft:vine":1,"minecraft:cave_vines":2,"minecraft:dirt_path":4,"minecraft:light_gray_concrete":28,"luminousworld:groundpebbles_2":1,"minecraft:stone":1175,"minecraft:tripwire":2,"luminousworld:creepbush":1,"iceandfire:pixie_jar_empty":1,"minecraft:podzol":8,"minecraft:deepslate_redstone_ore":14,"luminousworld:savannah_soil":11,"minecraft:scaffolding":4,"minecraft:gray_concrete":1,"minecraft:glass_pane":4,"minecraft:soul_sand":2,"minecraft:kelp_plant":1,"minecraft:smoker":2,"minecraft:stripped_dark_oak_log":1,"minecraft:observer":1,"minecraft:chiseled_quartz_block":5,"minecraft:crafting_table":3,"iceandfire:podium_acacia":1,"minecraft:blast_furnace":14,"minecraft:chest":1,"minecraft:rose_bush":1,"minecraft:campfire":2,"minecraft:copper_ore":3,"minecraft:tall_grass":16,"minecraft:glass":2,"minecraft:cobblestone":8,"minecraft:cyan_bed":1,"minecraft:grindstone":1,"minecraft:sugar_cane":6,"minecraft:diorite":88,"minecraft:iron_door":1,"supplementaries:urn":5,"minecraft:cyan_wool":2,"minecraft:birch_planks":2,"minecraft:cobblestone_wall":2,"minecraft:birch_log":5,"minecraft:birch_leaves":3,"minecraft:spruce_log":20,"minecraft:yellow_bed":3,"minecraft:smooth_stone_slab":1,"minecraft:grass":24,"minecraft:coal_ore":35,"minecraft:oak_log":58,"luminousworld:ishstone":28,"minecraft:smooth_quartz":21,"minecraft:sand":22,"minecraft:gravel":4,"minecraft:end_rod":1,"minecraft:zombie_head":1,"minecraft:dripstone_block":25,"minecraft:dirt":86,"luminousworld:grassvariant_3":1,"minecraft:cobweb":1,"minecraft:netherrack":2,"minecraft:oak_leaves":4,"minecraft:deepslate":1049,"luminousworld:savannah_ground":2,"minecraft:red_nether_brick_slab":13}},"DataVersion":3465}