{"stats":{"minecraft:picked_up":{"minecraft:cocoa_beans":3,"minecraft:jungle_log":6,"iceandfire:rotten_egg":1,"alexsmobs:animal_dictionary":2,"minecraft:dirt":2,"ad_astra:launch_pad":1,"minecraft:end_rod":1,"minecraft:oak_sapling":2,"minecraft:egg":1},"minecraft:killed_by":{"minecraft:player":1,"born_in_chaos_v1:nightmare_stalker":1,"minecraft:skeleton":1},"minecraft:dropped":{"alexsmobs:animal_dictionary":2},"minecraft:used":{"minecraft:wooden_axe":12,"ad_astra:launch_pad":1,"enchantinginfuser:enchanting_infuser":1,"alexsmobs:animal_dictionary":1,"minecraft:egg":1,"ad_astra:tier_4_rocket":1,"enchantinginfuser:advanced_enchanting_infuser":1},"minecraft:mined":{"minecraft:grass":6,"minecraft:grass_block":8,"minecraft:vine":1,"minecraft:jungle_log":6,"minecraft:end_rod":1,"minecraft:dirt":8,"minecraft:oak_leaves":2},"minecraft:custom":{"minecraft:time_since_rest":42288,"minecraft:sprint_one_cm":35425,"minecraft:interact_with_furnace":1,"minecraft:damage_taken":819,"minecraft:walk_one_cm":49119,"minecraft:drop":2,"minecraft:damage_dealt":192,"minecraft:fly_one_cm":145799,"minecraft:player_kills":1,"minecraft:open_chest":1,"minecraft:play_time":62778,"minecraft:deaths":3,"minecraft:sneak_time":151,"minecraft:walk_under_water_one_cm":218,"minecraft:jump":348,"minecraft:walk_on_water_one_cm":2675,"minecraft:leave_game":12,"minecraft:time_since_death":44687,"minecraft:enchant_item":2,"minecraft:climb_one_cm":291,"minecraft:total_world_time":62778,"minecraft:fall_one_cm":7317}},"DataVersion":3465}