{"stats":{"minecraft:killed_by":{"minecraft:player":1,"born_in_chaos_v1:nightmare_stalker":1,"minecraft:skeleton":1,"undead_revamp2:thesomnolence":1,"mutantmonsters:mutant_creeper":1,"undead_revamp2:theimmortal":1},"minecraft:picked_up":{"minecraft:wheat":1,"minecraft:charcoal":4,"minecraft:cocoa_beans":3,"luminousworld:savannah_ground":2,"minecraft:leather_chestplate":1,"artifacts:eternal_steak":1,"minecraft:flower_pot":1,"minecraft:jungle_log":6,"minecraft:smoker":1,"minecraft:potato":8,"minecraft:enchanted_book":1,"minecraft:brewing_stand":1,"minecraft:yellow_bed":2,"minecraft:dirt":5,"minecraft:item_frame":1,"minecraft:iron_leggings":1,"minecraft:leather_boots":1,"minecraft:armor_stand":1,"minecraft:experience_bottle":3,"iceandfire:pixie_jar_empty":1,"iceandfire:bestiary":1,"minecraft:wheat_seeds":2,"ad_astra:launch_pad":1,"minecraft:iron_ingot":2,"minecraft:player_head":1,"minecraft:bamboo":1,"minecraft:sugar_cane":17,"iceandfire:podium_acacia":1,"minecraft:furnace":2,"minecraft:egg":1,"luminousworld:savannah_soil":8,"iceandfire:rotten_egg":1,"alexsmobs:animal_dictionary":2,"minecraft:stone_pressure_plate":2,"iceandfire:lightning_lily":1,"minecraft:weeping_vines":2,"minecraft:slime_ball":3,"iceandfire:lectern":1,"minecraft:bread":19,"minecraft:end_rod":1,"minecraft:gold_ingot":2,"supplementaries:ash":1,"minecraft:oak_sapling":2,"minecraft:cobblestone":9},"minecraft:dropped":{"minecraft:bread":22,"alexsmobs:animal_dictionary":2},"minecraft:used":{"minecraft:armor_stand":1,"minecraft:chest":1,"artifacts:eternal_steak":4,"minecraft:dirt":1,"ad_astra:tier_4_rocket":1,"enchantinginfuser:advanced_enchanting_infuser":1,"minecraft:wooden_axe":12,"minecraft:flower_pot":1,"minecraft:grass_block":2,"minecraft:bread":3,"minecraft:iron_pickaxe":24,"minecraft:iron_boots":1,"ad_astra:launch_pad":1,"minecraft:item_frame":1,"enchantinginfuser:enchanting_infuser":1,"luminousworld:savannah_soil":4,"minecraft:stone_pressure_plate":2,"alexsmobs:animal_dictionary":1,"tombstone:gift":4,"minecraft:yellow_bed":1,"minecraft:egg":1},"minecraft:custom":{"minecraft:interact_with_furnace":1,"minecraft:mob_kills":1,"minecraft:leave_game":20,"minecraft:time_since_death":42560,"minecraft:sleep_in_bed":1,"minecraft:climb_one_cm":291,"minecraft:time_since_rest":2765,"minecraft:sprint_one_cm":109648,"minecraft:damage_taken":2441,"minecraft:walk_one_cm":203419,"minecraft:drop":24,"minecraft:damage_dealt":321,"minecraft:player_kills":1,"minecraft:fly_one_cm":321306,"minecraft:open_chest":50,"minecraft:crouch_one_cm":587,"minecraft:play_time":159465,"minecraft:deaths":7,"minecraft:sneak_time":311,"minecraft:walk_under_water_one_cm":796,"minecraft:jump":997,"minecraft:interact_with_blast_furnace":1,"minecraft:walk_on_water_one_cm":4936,"minecraft:enchant_item":2,"minecraft:total_world_time":159465,"minecraft:fall_one_cm":21238},"minecraft:mined":{"iceandfire:pixie_jar_empty":1,"iceandfire:lightning_lily":1,"luminousworld:savannah_soil":8,"minecraft:glass_pane":2,"minecraft:smoker":1,"minecraft:brewing_stand":1,"iceandfire:podium_acacia":1,"minecraft:grass_block":11,"minecraft:chest":1,"minecraft:rose_bush":1,"minecraft:jungle_log":6,"iceandfire:lectern":1,"minecraft:campfire":2,"luminousworld:grassvariant_2":2,"minecraft:tall_grass":15,"minecraft:potted_bamboo":1,"minecraft:sugar_cane":6,"luminousworld:savanna_grass_2":1,"minecraft:cyan_wool":2,"minecraft:furnace":2,"minecraft:brown_bed":1,"minecraft:yellow_bed":2,"minecraft:grass":11,"minecraft:dirt_path":2,"minecraft:vine":1,"minecraft:end_rod":1,"minecraft:dirt":10,"minecraft:stone":9,"minecraft:oak_leaves":2,"luminousworld:savannah_ground":2}},"DataVersion":3465}