{"stats":{"minecraft:killed_by":{"undead_revamp2:theimmortal":1,"minecraft:husk":1,"minecraft:player":1,"born_in_chaos_v1:nightmare_stalker":1,"undead_revamp2:thesomnolence":1,"iceandfire:sea_serpent":2,"mutantmonsters:mutant_creeper":1,"minecraft:skeleton":5},"minecraft:picked_up":{"luminousworld:groundpebbles_1":2,"minecraft:cocoa_beans":3,"minecraft:charcoal":4,"minecraft:crafting_table":1,"minecraft:wheat":1,"minecraft:flower_pot":1,"minecraft:gold_block":1,"minecraft:enchanted_book":1,"minecraft:brewing_stand":1,"minecraft:iron_leggings":1,"minecraft:armor_stand":1,"minecraft:item_frame":1,"minecraft:experience_bottle":3,"minecraft:zombie_head":1,"minecraft:cyan_carpet":1,"iceandfire:bestiary":1,"minecraft:player_head":1,"minecraft:sugar_cane":17,"minecraft:coal_block":3,"iceandfire:podium_acacia":1,"minecraft:phantom_membrane":1,"minecraft:egg":1,"minecraft:furnace":2,"luminousworld:savannah_soil":8,"iceandfire:rotten_egg":1,"tombstone:grave_dust":1,"minecraft:stone_pressure_plate":3,"minecraft:yellow_banner":1,"iceandfire:lightning_lily":3,"minecraft:arrow":12,"minecraft:weeping_vines":2,"quark:clear_shard":5,"alexsmobs:emu_egg":1,"minecraft:end_rod":1,"minecraft:gold_ingot":2,"supplementaries:ash":1,"minecraft:cobblestone":9,"minecraft:magma_block":3,"minecraft:leather_chestplate":1,"luminousworld:savannah_ground":2,"artifacts:eternal_steak":1,"minecraft:jungle_log":6,"minecraft:smoker":2,"minecraft:potato":8,"minecraft:yellow_bed":2,"minecraft:dirt":6,"minecraft:leather_boots":1,"minecraft:bone":19,"iceandfire:pixie_jar_empty":1,"minecraft:kelp":4,"minecraft:wheat_seeds":3,"ad_astra:launch_pad":1,"minecraft:iron_ingot":2,"minecraft:bamboo":1,"minecraft:soul_sand":2,"luminousworld:creepberries":1,"minecraft:spruce_sapling":3,"minecraft:blast_furnace":14,"minecraft:cyan_bed":1,"alexsmobs:animal_dictionary":2,"minecraft:slime_ball":3,"iceandfire:lectern":1,"minecraft:spruce_sign":1,"minecraft:bread":19,"minecraft:oak_sapling":2,"minecraft:stripped_dark_oak_log":1,"minecraft:coal":24},"minecraft:dropped":{"minecraft:bread":22,"minecraft:wheat_seeds":2,"minecraft:dirt":1,"tombstone:grave_dust":1,"alexsmobs:animal_dictionary":2,"tombstone:gift":1,"luminousworld:groundpebbles_1":4},"minecraft:crafted":{"minecraft:dark_oak_planks":4,"minecraft:iron_sword":1,"minecraft:stick":8},"minecraft:killed":{"minecraft:skeleton":10,"luminousworld:savannah_zombie":1,"minecraft:frog":1},"minecraft:used":{"minecraft:armor_stand":1,"minecraft:chest":1,"minecraft:iron_sword":81,"minecraft:iron_chestplate":1,"minecraft:dirt":1,"ad_astra:tier_4_rocket":1,"enchantinginfuser:advanced_enchanting_infuser":1,"minecraft:wooden_axe":12,"minecraft:grass_block":2,"minecraft:iron_boots":1,"minecraft:item_frame":1,"luminousworld:savannah_soil":4,"minecraft:furnace":2,"tombstone:gift":4,"minecraft:egg":1,"minecraft:stone_pressure_plate":2,"artifacts:eternal_steak":4,"minecraft:crafting_table":1,"minecraft:blast_furnace":2,"minecraft:flower_pot":1,"minecraft:bread":8,"minecraft:iron_pickaxe":127,"ad_astra:launch_pad":1,"enchantinginfuser:enchanting_infuser":1,"minecraft:yellow_bed":1,"alexsmobs:animal_dictionary":1,"minecraft:experience_bottle":2},"minecraft:custom":{"minecraft:mob_kills":13,"minecraft:interact_with_crafting_table":3,"minecraft:open_barrel":7,"minecraft:eat_cake_slice":7,"minecraft:leave_game":20,"minecraft:time_since_death":14012,"minecraft:climb_one_cm":3035,"minecraft:sprint_one_cm":186716,"minecraft:walk_one_cm":374071,"minecraft:drop":31,"minecraft:play_noteblock":1,"minecraft:play_time":204354,"minecraft:sneak_time":376,"minecraft:deaths":14,"minecraft:walk_under_water_one_cm":13121,"minecraft:jump":1661,"minecraft:enchant_item":2,"minecraft:interact_with_blast_furnace":3,"minecraft:walk_on_water_one_cm":26803,"minecraft:total_world_time":204354,"minecraft:interact_with_furnace":1,"minecraft:sleep_in_bed":1,"minecraft:time_since_rest":13421,"minecraft:damage_taken":4425,"minecraft:damage_dealt":2478,"minecraft:fly_one_cm":408113,"minecraft:player_kills":1,"minecraft:open_chest":63,"minecraft:crouch_one_cm":587,"tombstone:undead_killed":11,"minecraft:fall_one_cm":38217},"minecraft:mined":{"iceandfire:lightning_lily":3,"minecraft:yellow_wall_banner":1,"minecraft:mossy_cobblestone":3,"minecraft:brewing_stand":1,"minecraft:grass_block":12,"minecraft:jungle_log":6,"iceandfire:lectern":1,"luminousworld:grassvariant_2":2,"minecraft:coal_block":3,"minecraft:potted_bamboo":1,"luminousworld:savanna_grass_2":1,"minecraft:spawner":4,"minecraft:magma_block":3,"minecraft:furnace":2,"minecraft:gold_block":1,"minecraft:brown_bed":1,"minecraft:vine":1,"minecraft:cave_vines":2,"minecraft:dirt_path":2,"minecraft:stone":9,"luminousworld:creepbush":1,"iceandfire:pixie_jar_empty":1,"luminousworld:savannah_soil":8,"minecraft:glass_pane":4,"minecraft:soul_sand":2,"minecraft:kelp_plant":1,"minecraft:smoker":2,"minecraft:stripped_dark_oak_log":1,"minecraft:crafting_table":1,"iceandfire:podium_acacia":1,"minecraft:blast_furnace":14,"minecraft:chest":1,"minecraft:rose_bush":1,"minecraft:campfire":2,"minecraft:tall_grass":15,"minecraft:glass":2,"minecraft:cyan_bed":1,"minecraft:sugar_cane":6,"minecraft:diorite":1,"minecraft:cyan_wool":2,"minecraft:yellow_bed":2,"minecraft:grass":11,"minecraft:end_rod":1,"minecraft:zombie_head":1,"minecraft:dirt":10,"minecraft:oak_leaves":4,"luminousworld:savannah_ground":2}},"DataVersion":3465}