{"stats":{"minecraft:killed_by":{"undead_revamp2:theimmortal":1,"undead_revamp2:thesomnolence":1,"minecraft:player":1,"born_in_chaos_v1:nightmare_stalker":1,"mutantmonsters:mutant_creeper":1,"minecraft:skeleton":1},"minecraft:picked_up":{"minecraft:cocoa_beans":3,"luminousworld:savannah_ground":2,"artifacts:eternal_steak":1,"minecraft:flower_pot":1,"minecraft:jungle_log":6,"luminousworld:savannah_soil":3,"iceandfire:rotten_egg":1,"minecraft:yellow_bed":1,"minecraft:dirt":3,"alexsmobs:animal_dictionary":2,"minecraft:item_frame":1,"minecraft:experience_bottle":1,"iceandfire:bestiary":1,"minecraft:wheat_seeds":1,"ad_astra:launch_pad":1,"minecraft:iron_ingot":1,"minecraft:gold_ingot":1,"minecraft:end_rod":1,"minecraft:bamboo":1,"minecraft:oak_sapling":2,"iceandfire:podium_acacia":1,"minecraft:sugar_cane":8,"minecraft:egg":1},"minecraft:dropped":{"alexsmobs:animal_dictionary":2},"minecraft:used":{"minecraft:wooden_axe":12,"minecraft:flower_pot":1,"minecraft:grass_block":2,"minecraft:chest":1,"artifacts:eternal_steak":4,"ad_astra:launch_pad":1,"minecraft:item_frame":1,"enchantinginfuser:enchanting_infuser":1,"minecraft:dirt":1,"luminousworld:savannah_soil":3,"alexsmobs:animal_dictionary":1,"tombstone:gift":4,"ad_astra:tier_4_rocket":1,"minecraft:egg":1,"enchantinginfuser:advanced_enchanting_infuser":1},"minecraft:custom":{"minecraft:time_since_rest":18125,"minecraft:interact_with_furnace":1,"minecraft:sprint_one_cm":82568,"minecraft:damage_taken":2234,"minecraft:walk_one_cm":103823,"minecraft:drop":2,"minecraft:damage_dealt":271,"minecraft:player_kills":1,"minecraft:fly_one_cm":303258,"minecraft:open_chest":14,"minecraft:play_time":135215,"minecraft:deaths":7,"minecraft:sneak_time":177,"minecraft:walk_under_water_one_cm":796,"minecraft:jump":731,"minecraft:leave_game":18,"minecraft:walk_on_water_one_cm":4936,"minecraft:time_since_death":18310,"minecraft:enchant_item":2,"minecraft:climb_one_cm":291,"minecraft:total_world_time":135215,"minecraft:fall_one_cm":13901},"minecraft:mined":{"luminousworld:savannah_soil":3,"minecraft:cyan_wool":2,"iceandfire:podium_acacia":1,"minecraft:yellow_bed":1,"minecraft:brown_bed":1,"minecraft:grass":11,"minecraft:grass_block":11,"minecraft:vine":1,"minecraft:chest":1,"minecraft:jungle_log":6,"minecraft:rose_bush":1,"minecraft:end_rod":1,"minecraft:dirt":10,"luminousworld:grassvariant_2":2,"minecraft:tall_grass":15,"minecraft:potted_bamboo":1,"minecraft:sugar_cane":3,"minecraft:oak_leaves":2,"luminousworld:savannah_ground":2}},"DataVersion":3465}