{"stats":{"minecraft:killed_by":{"minecraft:player":1,"born_in_chaos_v1:nightmare_stalker":1,"minecraft:skeleton":1,"undead_revamp2:thesomnolence":1,"mutantmonsters:mutant_creeper":1,"undead_revamp2:theimmortal":1},"minecraft:picked_up":{"minecraft:wheat":1,"minecraft:charcoal":4,"minecraft:cocoa_beans":3,"luminousworld:savannah_ground":2,"minecraft:leather_chestplate":1,"artifacts:eternal_steak":1,"minecraft:flower_pot":1,"minecraft:jungle_log":6,"minecraft:smoker":1,"minecraft:potato":8,"minecraft:enchanted_book":1,"minecraft:brewing_stand":1,"minecraft:yellow_bed":2,"minecraft:dirt":5,"minecraft:item_frame":1,"minecraft:iron_leggings":1,"minecraft:leather_boots":1,"minecraft:armor_stand":1,"minecraft:bone":4,"minecraft:experience_bottle":3,"minecraft:cyan_carpet":1,"iceandfire:pixie_jar_empty":1,"iceandfire:bestiary":1,"minecraft:wheat_seeds":2,"ad_astra:launch_pad":1,"minecraft:iron_ingot":2,"minecraft:player_head":1,"minecraft:bamboo":1,"minecraft:coal_block":3,"minecraft:sugar_cane":17,"iceandfire:podium_acacia":1,"minecraft:soul_sand":2,"minecraft:furnace":2,"minecraft:egg":1,"luminousworld:savannah_soil":8,"iceandfire:rotten_egg":1,"minecraft:blast_furnace":13,"alexsmobs:animal_dictionary":2,"minecraft:stone_pressure_plate":3,"minecraft:yellow_banner":1,"iceandfire:lightning_lily":3,"minecraft:arrow":1,"quark:clear_shard":5,"minecraft:weeping_vines":2,"minecraft:slime_ball":3,"iceandfire:lectern":1,"minecraft:bread":19,"minecraft:end_rod":1,"minecraft:gold_ingot":2,"supplementaries:ash":1,"minecraft:oak_sapling":2,"minecraft:crafting_table":1,"minecraft:cobblestone":9},"minecraft:dropped":{"minecraft:bread":22,"alexsmobs:animal_dictionary":2},"minecraft:killed":{"minecraft:skeleton":1,"luminousworld:savannah_zombie":1},"minecraft:used":{"minecraft:armor_stand":1,"minecraft:chest":1,"artifacts:eternal_steak":4,"minecraft:iron_chestplate":1,"minecraft:dirt":1,"minecraft:crafting_table":1,"ad_astra:tier_4_rocket":1,"enchantinginfuser:advanced_enchanting_infuser":1,"minecraft:wooden_axe":12,"minecraft:flower_pot":1,"minecraft:grass_block":2,"minecraft:bread":4,"minecraft:iron_pickaxe":107,"minecraft:iron_boots":1,"ad_astra:launch_pad":1,"minecraft:item_frame":1,"enchantinginfuser:enchanting_infuser":1,"luminousworld:savannah_soil":4,"minecraft:stone_pressure_plate":2,"alexsmobs:animal_dictionary":1,"tombstone:gift":4,"minecraft:yellow_bed":1,"minecraft:egg":1},"minecraft:custom":{"minecraft:interact_with_furnace":1,"minecraft:mob_kills":3,"minecraft:interact_with_crafting_table":2,"minecraft:open_barrel":3,"minecraft:eat_cake_slice":7,"minecraft:leave_game":20,"minecraft:time_since_death":51449,"minecraft:sleep_in_bed":1,"minecraft:climb_one_cm":291,"minecraft:time_since_rest":11654,"minecraft:sprint_one_cm":131991,"minecraft:damage_taken":2602,"minecraft:walk_one_cm":243687,"minecraft:drop":24,"minecraft:damage_dealt":787,"minecraft:play_noteblock":1,"minecraft:player_kills":1,"minecraft:fly_one_cm":340467,"minecraft:open_chest":51,"tombstone:undead_killed":2,"minecraft:crouch_one_cm":587,"minecraft:play_time":168354,"minecraft:deaths":7,"minecraft:sneak_time":311,"minecraft:walk_under_water_one_cm":1006,"minecraft:jump":1140,"minecraft:interact_with_blast_furnace":1,"minecraft:walk_on_water_one_cm":6369,"minecraft:enchant_item":2,"minecraft:total_world_time":168354,"minecraft:fall_one_cm":23119},"minecraft:mined":{"iceandfire:pixie_jar_empty":1,"iceandfire:lightning_lily":3,"luminousworld:savannah_soil":8,"minecraft:yellow_wall_banner":1,"minecraft:glass_pane":2,"minecraft:soul_sand":2,"minecraft:smoker":1,"minecraft:brewing_stand":1,"iceandfire:podium_acacia":1,"minecraft:crafting_table":1,"minecraft:blast_furnace":13,"minecraft:grass_block":11,"minecraft:chest":1,"minecraft:rose_bush":1,"minecraft:jungle_log":6,"iceandfire:lectern":1,"minecraft:campfire":2,"luminousworld:grassvariant_2":2,"minecraft:coal_block":3,"minecraft:glass":2,"minecraft:tall_grass":15,"minecraft:potted_bamboo":1,"minecraft:sugar_cane":6,"luminousworld:savanna_grass_2":1,"minecraft:spawner":1,"minecraft:cyan_wool":2,"minecraft:furnace":2,"minecraft:brown_bed":1,"minecraft:yellow_bed":2,"minecraft:grass":11,"minecraft:cave_vines":2,"minecraft:dirt_path":2,"minecraft:vine":1,"minecraft:end_rod":1,"minecraft:dirt":10,"minecraft:stone":9,"minecraft:oak_leaves":2,"luminousworld:savannah_ground":2}},"DataVersion":3465}