{"stats":{"minecraft:killed":{"minecraft:skeleton":1,"minecraft:cow":1},"minecraft:dropped":{"minecraft:leather":1,"minecraft:wheat_seeds":1},"minecraft:killed_by":{"minecraft:player":1},"minecraft:mined":{"minecraft:grass":26,"minecraft:tall_grass":8},"minecraft:picked_up":{"minecraft:leather":1,"minecraft:wheat_seeds":1,"minecraft:beef":3},"minecraft:custom":{"minecraft:time_since_rest":6157,"minecraft:play_time":9827,"minecraft:sprint_one_cm":8937,"minecraft:walk_one_cm":22614,"minecraft:damage_taken":263,"minecraft:deaths":1,"minecraft:sneak_time":72,"minecraft:walk_under_water_one_cm":1398,"minecraft:mob_kills":2,"minecraft:drop":2,"minecraft:jump":186,"minecraft:damage_dealt":525,"minecraft:leave_game":1,"minecraft:time_since_death":6126,"minecraft:walk_on_water_one_cm":2514,"minecraft:total_world_time":9827,"minecraft:swim_one_cm":196,"minecraft:fall_one_cm":3968,"minecraft:fly_one_cm":33381,"minecraft:player_kills":1}},"DataVersion":3465}