{"stats":{"minecraft:crafted":{"minecraft:oak_planks":128,"minecraft:cooked_porkchop":10,"minecraft:crafting_table":1,"minecraft:air":0,"minecraft:stick":16,"minecraft:stone_sword":1},"minecraft:custom":{"minecraft:interact_with_furnace":13,"minecraft:mob_kills":19,"minecraft:interact_with_crafting_table":3,"minecraft:open_barrel":2,"minecraft:interact_with_loom":1,"minecraft:interact_with_stonecutter":2,"minecraft:leave_game":3,"minecraft:time_since_death":28956,"minecraft:sleep_in_bed":1,"minecraft:climb_one_cm":148,"minecraft:time_since_rest":15664,"minecraft:sprint_one_cm":56067,"minecraft:damage_taken":1063,"minecraft:walk_one_cm":113418,"minecraft:drop":17,"minecraft:damage_dealt":3432,"minecraft:swim_one_cm":1724,"minecraft:fly_one_cm":340684,"minecraft:player_kills":1,"minecraft:open_chest":5,"minecraft:crouch_one_cm":74,"minecraft:play_time":53249,"minecraft:deaths":4,"minecraft:sneak_time":639,"minecraft:walk_under_water_one_cm":7811,"minecraft:jump":707,"minecraft:interact_with_blast_furnace":1,"minecraft:walk_on_water_one_cm":8948,"minecraft:total_world_time":53249,"minecraft:fall_one_cm":18855},"minecraft:killed_by":{"minecraft:player":1,"mutantmonsters:mutant_creeper":1},"minecraft:killed":{"minecraft:pig":4,"iceandfire:amphithere":3,"minecraft:sheep":3,"minecraft:skeleton":1,"minecraft:cow":8},"minecraft:mined":{"minecraft:white_bed":1,"minecraft:candle":1,"minecraft:crafting_table":1,"minecraft:grass_block":1,"minecraft:tall_grass":8,"minecraft:sugar_cane":2,"minecraft:furnace":1,"minecraft:grass":32,"minecraft:oak_log":27,"minecraft:stone":24},"minecraft:dropped":{"minecraft:sugar_cane":5,"minecraft:wheat_seeds":1,"alexscaves:cave_tablet":1,"minecraft:leather":1,"minecraft:apple":1,"minecraft:coal":32,"minecraft:dirt":1,"supplementaries:ash":1,"alexscaves:cave_book":1,"luminousworld:groundpebbles_1":1,"tombstone:grave_dust":1,"minecraft:arrow":1,"minecraft:bone":1},"minecraft:picked_up":{"luminousworld:groundpebbles_1":3,"minecraft:crafting_table":1,"minecraft:leather":7,"minecraft:oak_log":27,"minecraft:dirt":2,"minecraft:bone":1,"minecraft:apple":1,"minecraft:wheat_seeds":2,"minecraft:candle":4,"minecraft:beef":11,"minecraft:sugar_cane":5,"minecraft:furnace":1,"iceandfire:amphithere_feather":3,"minecraft:stick":7,"minecraft:dandelion":1,"minecraft:porkchop":10,"minecraft:white_bed":1,"supplementaries:ash":1,"minecraft:oak_sapling":18,"minecraft:mutton":4,"minecraft:coal":30,"minecraft:white_wool":3,"minecraft:cobblestone":24},"minecraft:used":{"minecraft:stone_sword":31,"minecraft:stone_pickaxe":25,"minecraft:dirt":3,"minecraft:crafting_table":1,"alexscaves:cave_book":1,"minecraft:white_bed":1,"born_in_chaos_v1:supreme_measure":3,"minecraft:wooden_axe":30,"minecraft:oak_sapling":18,"minecraft:furnace":1,"minecraft:cooked_porkchop":2,"tombstone:gift":1,"minecraft:dandelion":1,"minecraft:candle":4}},"DataVersion":3465}