{"stats":{"minecraft:broken":{"minecraft:stone_sword":1,"vanillaplustools:iron_hammer":1,"aether:iron_gloves":1,"minecraft:stone_pickaxe":1,"vanillaplustools:iron_shovel":2,"vanillaplustools:stone_hammer":1,"minecraft:wooden_sword":1,"minecraft:iron_sword":2,"minecraft:iron_pickaxe":2,"minecraft:iron_helmet":1},"minecraft:killed_by":{"minecraft:husk":1,"minecraft:player":1,"born_in_chaos_v1:bloody_gadfly":1},"minecraft:custom":{"minecraft:mob_kills":72,"minecraft:interact_with_crafting_table":48,"minecraft:open_barrel":17,"minecraft:damage_dealt_resisted":202,"minecraft:leave_game":2,"minecraft:time_since_death":0,"minecraft:climb_one_cm":24225,"minecraft:sprint_one_cm":456584,"minecraft:walk_one_cm":995972,"minecraft:drop":34,"minecraft:play_noteblock":1,"minecraft:talked_to_villager":4,"minecraft:play_time":431651,"minecraft:deaths":3,"minecraft:walk_under_water_one_cm":30146,"minecraft:sneak_time":2566,"minecraft:interact_with_lectern":1,"minecraft:jump":2238,"minecraft:walk_on_water_one_cm":59986,"minecraft:total_world_time":431651,"minecraft:interact_with_furnace":51,"minecraft:interact_with_loom":1,"minecraft:interact_with_stonecutter":1,"minecraft:sleep_in_bed":6,"minecraft:time_since_rest":1169,"minecraft:damage_taken":3116,"minecraft:trigger_trapped_chest":1,"minecraft:damage_dealt":16574,"minecraft:fly_one_cm":345785,"minecraft:swim_one_cm":11441,"minecraft:open_chest":39,"minecraft:crouch_one_cm":7381,"tombstone:undead_killed":38,"minecraft:interact_with_smoker":1,"minecraft:fall_one_cm":34184,"minecraft:inspect_dispenser":3},"minecraft:mined":{"alexscaves:spelunkery_table":1,"minecraft:tuff":5,"iceandfire:silver_ore":10,"minecraft:mossy_cobblestone":2,"minecraft:deepslate_diamond_ore":5,"born_in_chaos_v1:infected_diamond_ore":3,"minecraft:granite":8,"minecraft:grass_block":1504,"born_in_chaos_v1:black_argillite":7,"twilightforest:canopy_chest":1,"minecraft:jungle_log":9,"iceandfire:deepslate_silver_ore":3,"luminousworld:grassvariant_2":4,"minecraft:coal_block":14,"minecraft:deepslate_bricks":2,"minecraft:cartography_table":1,"minecraft:spawner":1,"minecraft:furnace":3,"minecraft:iron_ore":74,"minecraft:barrel":4,"minecraft:fire":9,"minecraft:andesite":17,"minecraft:gold_block":2,"minecraft:polished_deepslate":2,"minecraft:deepslate_iron_ore":19,"minecraft:vine":1,"minecraft:rail":1,"minecraft:light_gray_concrete":61,"minecraft:stone":2574,"minecraft:player_head":1,"minecraft:tripwire":2,"minecraft:deepslate_redstone_ore":2,"minecraft:gray_concrete":4,"born_in_chaos_v1:marigolds":1,"quark:dark_oak_chest":1,"minecraft:smoker":1,"minecraft:torch":6,"minecraft:chiseled_quartz_block":89,"minecraft:oak_fence":7,"minecraft:crafting_table":7,"minecraft:cornflower":5,"minecraft:chest":1,"minecraft:rose_bush":2,"minecraft:campfire":5,"minecraft:copper_ore":17,"minecraft:tall_grass":1,"minecraft:cobblestone":56,"minecraft:deepslate_gold_ore":20,"minecraft:lapis_ore":10,"minecraft:cyan_bed":1,"minecraft:oak_planks":5,"minecraft:cracked_deepslate_bricks":5,"minecraft:wall_torch":4,"supplementaries:urn":19,"minecraft:gray_wool":18,"minecraft:light_blue_bed":1,"minecraft:magenta_bed":2,"minecraft:tnt":1,"minecraft:stone_brick_stairs":2,"minecraft:smooth_stone_slab":1,"luminousworld:ishstone":1,"minecraft:grass":34,"quark:birch_chest":1,"minecraft:coal_ore":149,"minecraft:oak_log":15,"ecologics:hanging_coconut":1,"minecraft:smooth_quartz":181,"minecraft:cyan_carpet":9,"minecraft:gravel":104,"minecraft:loom":4,"minecraft:sand":5,"minecraft:dirt":1865,"luminousworld:grassvariant_3":1,"minecraft:cobweb":26,"minecraft:stonecutter":1,"minecraft:netherrack":8,"minecraft:gold_ore":3,"minecraft:mossy_stone_bricks":1,"minecraft:chipped_anvil":1,"minecraft:oak_leaves":2,"minecraft:deepslate":405},"minecraft:killed":{"born_in_chaos_v1:zombie_clown":1,"minecraft:spider":1,"undead_revamp2:thesmoker":1,"enemyexpansion:direwolf":3,"born_in_chaos_v1:maggot":6,"minecraft:skeleton":23,"born_in_chaos_v1:dire_hound_leader":1,"enemyexpansion:faller":1,"luminousworld:savannah_zombie":1,"minecraft:husk":2,"iceandfire:cyclops":1,"born_in_chaos_v1:diamond_termite":2,"undead_revamp2:the_moonflower":1,"minecraft:bat":1,"enemyexpansion:sprinter":3,"minecraft:sheep":4,"minecraft:zombie":4,"born_in_chaos_v1:dread_hound":3,"born_in_chaos_v1:corpse_fly":1,"enemyexpansion:huntsman":1,"mutantmonsters:mutant_creeper":1,"iceandfire:sea_serpent":1,"minecraft:cow":3,"enemyexpansion:slugger":1},"minecraft:dropped":{"minecraft:iron_sword":2,"minecraft:wheat_seeds":7,"minecraft:cobblestone":275,"minecraft:granite":4,"minecraft:dirt":64,"minecraft:iron_pickaxe":1,"vanillaplustools:iron_hammer":1,"minecraft:bone":8,"minecraft:gravel":3,"minecraft:smooth_stone_slab":1,"minecraft:rotten_flesh":33,"aether:chainmail_gloves":2,"minecraft:andesite":1,"minecraft:mossy_stone_bricks":1,"minecraft:barrel":1,"minecraft:wooden_pickaxe":1,"minecraft:cracked_deepslate_bricks":5},"minecraft:picked_up":{"minecraft:charcoal":10,"luminousworld:groundpebbles_1":6,"minecraft:iron_chestplate":1,"minecraft:crafting_table":7,"born_in_chaos_v1:diamond_termite_shard":1,"minecraft:wooden_pickaxe":1,"minecraft:potion":2,"minecraft:enchanted_book":1,"minecraft:gold_block":2,"minecraft:stone_brick_stairs":2,"quark:dark_oak_chest":1,"minecraft:cornflower":8,"born_in_chaos_v1:black_argillite":7,"minecraft:polished_deepslate":2,"minecraft:string":32,"minecraft:raw_copper":51,"minecraft:iron_axe":1,"minecraft:smooth_stone_slab":3,"born_in_chaos_v1:intoxicating_decoction":1,"minecraft:zombie_head":1,"minecraft:cyan_carpet":9,"minecraft:cartography_table":1,"minecraft:gold_nugget":24,"minecraft:tnt_minecart":1,"minecraft:cobbled_deepslate":435,"earthmobsmod:duck_egg":3,"minecraft:beef":7,"minecraft:cyan_wool":1,"minecraft:player_head":1,"minecraft:jungle_sapling":2,"minecraft:iron_pickaxe":1,"minecraft:smooth_quartz":180,"minecraft:coal_block":14,"minecraft:chest":1,"minecraft:furnace":3,"minecraft:stick":5,"minecraft:raw_iron":93,"minecraft:oak_fence":10,"minecraft:torch":188,"quark:birch_chest":1,"tombstone:grave_dust":2,"born_in_chaos_v1:pieceofdarkmetal":1,"minecraft:redstone":10,"minecraft:light_blue_bed":1,"minecraft:tnt":1,"luminousworld:grassflowers":1,"minecraft:arrow":38,"minecraft:rotten_flesh":56,"iceandfire:cyclops_eye":1,"aether:chainmail_gloves":2,"minecraft:deepslate_bricks":2,"supplementaries:antique_ink":2,"alexscaves:spelunkery_table":1,"minecraft:cracked_deepslate_bricks":10,"tombstone:essence_of_undeath":1,"supplementaries:ash":11,"minecraft:mutton":16,"alexsmobs:flying_fish":1,"minecraft:cobblestone":2108,"minecraft:white_wool":9,"minecraft:rail":2,"minecraft:oxeye_daisy":1,"born_in_chaos_v1:fused_bone":2,"born_in_chaos_v1:corpse_maggot":4,"minecraft:glow_ink_sac":1,"iceandfire:sea_serpent_fang":5,"born_in_chaos_v1:monster_flesh":8,"minecraft:iron_door":1,"minecraft:jungle_log":9,"minecraft:andesite":21,"luminousworld:ishstone":9,"minecraft:leather":8,"minecraft:chiseled_quartz_block":92,"minecraft:smoker":2,"minecraft:flint":10,"minecraft:tuff":5,"minecraft:oak_log":22,"supplementaries:flax_seeds":7,"minecraft:magenta_bed":2,"minecraft:gunpowder":6,"minecraft:dirt":1859,"minecraft:lapis_lazuli":62,"minecraft:gray_concrete":5,"vanillaplustools:iron_hammer":2,"born_in_chaos_v1:marigolds":6,"born_in_chaos_v1:monster_skin":5,"minecraft:chipped_anvil":1,"minecraft:bone":56,"minecraft:bow":1,"minecraft:stonecutter":1,"minecraft:wheat_seeds":12,"minecraft:raw_gold":29,"tombstone:bag_of_seeds":1,"minecraft:mossy_stone_bricks":1,"minecraft:oak_planks":5,"minecraft:honeycomb":1,"minecraft:iron_sword":5,"twilightforest:canopy_chest":1,"minecraft:oak_slab":1,"iceandfire:sea_serpent_scales_green":3,"minecraft:dandelion":9,"minecraft:gravel":94,"minecraft:sand":5,"minecraft:light_gray_concrete":85,"minecraft:cyan_bed":1,"minecraft:loom":4,"minecraft:trapped_chest":1,"born_in_chaos_v1:fangofthe_hound_leader":1,"minecraft:mossy_cobblestone":2,"naturalist:duck_egg":3,"minecraft:barrel":6,"minecraft:spider_eye":15,"minecraft:diamond":5,"minecraft:diamond_axe":1,"minecraft:granite":11,"minecraft:gray_wool":18,"minecraft:netherrack":9,"minecraft:emerald":7,"minecraft:oak_sapling":11,"minecraft:coal":193,"iceandfire:raw_silver":10,"minecraft:sunflower":1},"minecraft:crafted":{"minecraft:wooden_sword":1,"minecraft:smooth_stone":1,"minecraft:oak_planks":32,"vanillaplustools:stone_hammer":1,"vanillaplustools:iron_shovel":2,"minecraft:furnace":1,"minecraft:stone":4,"minecraft:bone_meal":6,"minecraft:cooked_mutton":7,"minecraft:iron_boots":1,"minecraft:stone_pickaxe":10,"minecraft:chest":1,"stalwart_dungeons:iron_hammer":1,"sophisticatedbackpacks:iron_backpack":2,"minecraft:cooked_beef":7,"minecraft:coal_block":10,"minecraft:arrow":12,"sophisticatedbackpacks:backpack":1,"minecraft:crafting_table":1,"minecraft:wooden_pickaxe":1,"minecraft:iron_helmet":1,"minecraft:iron_sword":3,"minecraft:light_blue_wool":3,"sophisticatedbackpacks:gold_backpack":1,"minecraft:bucket":2,"minecraft:jungle_planks":24,"minecraft:blue_dye":2,"minecraft:iron_chestplate":1,"minecraft:white_dye":2,"minecraft:stick":112,"minecraft:light_blue_dye":4,"minecraft:iron_ingot":68,"minecraft:iron_pickaxe":2,"minecraft:stone_sword":1,"minecraft:light_blue_bed":1,"minecraft:iron_shovel":18,"minecraft:iron_leggings":1,"minecraft:gold_ingot":8,"minecraft:stonecutter":1,"minecraft:torch":148},"minecraft:used":{"stalwart_dungeons:iron_hammer":127,"minecraft:stone_sword":113,"minecraft:iron_shovel":91,"minecraft:chest":1,"minecraft:stone":641,"minecraft:iron_sword":817,"vanillaplustools:stone_hammer":131,"minecraft:torch":310,"minecraft:dirt":356,"minecraft:carrot":14,"minecraft:tuff":3,"vanillaplustools:iron_shovel":603,"minecraft:jungle_log":3,"minecraft:light_blue_bed":2,"minecraft:barrel":5,"minecraft:bow":19,"minecraft:furnace":2,"tombstone:gift":3,"minecraft:cooked_beef":18,"minecraft:golden_axe":17,"minecraft:iron_leggings":1,"minecraft:cooked_mutton":7,"minecraft:water_bucket":6,"minecraft:stone_pickaxe":130,"minecraft:oak_planks":1,"minecraft:wooden_pickaxe":50,"minecraft:stonecutter":1,"luminousworld:ishstone":1,"minecraft:diamond_axe":163,"minecraft:sand":3,"minecraft:crafting_table":6,"minecraft:rail":2,"minecraft:magenta_bed":1,"iceandfire:dragonbone_sword_lightning":7,"minecraft:cornflower":2,"minecraft:bread":3,"minecraft:iron_pickaxe":459,"born_in_chaos_v1:marigolds":5,"minecraft:wooden_sword":63,"minecraft:cobblestone":116,"vanillaplustools:iron_hammer":389,"minecraft:bucket":7,"minecraft:andesite":3,"minecraft:gray_wool":4,"minecraft:smooth_stone_slab":2,"minecraft:pumpkin_pie":5,"alexsmobs:animal_dictionary":1}},"DataVersion":3465}