{"stats":{"minecraft:broken":{"minecraft:stone_sword":1,"minecraft:stone_pickaxe":1,"minecraft:wooden_sword":1,"minecraft:iron_pickaxe":1},"minecraft:picked_up":{"minecraft:crafting_table":4,"born_in_chaos_v1:diamond_termite_shard":1,"minecraft:enchanted_book":1,"born_in_chaos_v1:black_argillite":7,"minecraft:cornflower":2,"minecraft:string":19,"minecraft:raw_copper":3,"minecraft:cyan_carpet":9,"minecraft:tnt_minecart":1,"minecraft:cobbled_deepslate":44,"minecraft:beef":7,"minecraft:cyan_wool":1,"minecraft:jungle_sapling":2,"minecraft:iron_pickaxe":1,"minecraft:chest":1,"minecraft:furnace":1,"minecraft:stick":2,"minecraft:raw_iron":73,"minecraft:oak_fence":10,"minecraft:torch":5,"born_in_chaos_v1:pieceofdarkmetal":1,"minecraft:redstone":10,"minecraft:light_blue_bed":1,"minecraft:tnt":1,"minecraft:arrow":1,"minecraft:rotten_flesh":3,"supplementaries:antique_ink":1,"alexscaves:spelunkery_table":1,"supplementaries:ash":2,"minecraft:mutton":7,"minecraft:cobblestone":195,"minecraft:white_wool":4,"minecraft:rail":1,"born_in_chaos_v1:fused_bone":2,"minecraft:glow_ink_sac":1,"minecraft:jungle_log":9,"minecraft:andesite":3,"luminousworld:ishstone":8,"minecraft:leather":5,"minecraft:smoker":1,"minecraft:tuff":3,"minecraft:oak_log":7,"supplementaries:flax_seeds":5,"minecraft:gunpowder":2,"minecraft:lapis_lazuli":62,"minecraft:dirt":53,"born_in_chaos_v1:marigolds":1,"minecraft:bone":13,"minecraft:raw_gold":18,"minecraft:mossy_stone_bricks":1,"minecraft:oak_planks":2,"minecraft:oak_slab":1,"minecraft:gravel":3,"minecraft:spider_eye":15,"minecraft:trapped_chest":1,"minecraft:barrel":3,"minecraft:mossy_cobblestone":2,"minecraft:diamond":4,"minecraft:granite":7,"minecraft:diamond_axe":1,"minecraft:gray_wool":18,"minecraft:emerald":7,"minecraft:coal":150,"iceandfire:raw_silver":6},"minecraft:dropped":{"minecraft:iron_pickaxe":1,"minecraft:rotten_flesh":1,"minecraft:barrel":1},"minecraft:killed":{"minecraft:spider":1,"enemyexpansion:direwolf":1,"minecraft:skeleton":1,"born_in_chaos_v1:diamond_termite":2,"minecraft:bat":1,"enemyexpansion:sprinter":2,"minecraft:sheep":4,"minecraft:zombie":2,"enemyexpansion:huntsman":1,"minecraft:cow":3,"enemyexpansion:slugger":1},"minecraft:used":{"minecraft:stone_sword":113,"minecraft:chest":1,"minecraft:iron_sword":16,"minecraft:torch":71,"minecraft:dirt":49,"minecraft:tuff":3,"minecraft:jungle_log":3,"minecraft:light_blue_bed":2,"minecraft:barrel":1,"minecraft:furnace":1,"minecraft:cooked_beef":1,"minecraft:iron_leggings":1,"minecraft:cooked_mutton":5,"minecraft:water_bucket":1,"minecraft:stone_pickaxe":130,"minecraft:wooden_pickaxe":50,"minecraft:rail":1,"minecraft:crafting_table":4,"minecraft:iron_pickaxe":321,"minecraft:wooden_sword":63,"minecraft:cobblestone":95,"minecraft:andesite":3,"minecraft:bucket":1,"alexsmobs:animal_dictionary":1,"minecraft:gray_wool":4},"minecraft:crafted":{"minecraft:wooden_sword":1,"minecraft:oak_planks":28,"minecraft:bone_meal":6,"minecraft:cooked_mutton":7,"minecraft:iron_boots":1,"minecraft:stone_pickaxe":1,"minecraft:chest":1,"sophisticatedbackpacks:iron_backpack":2,"minecraft:cooked_beef":7,"sophisticatedbackpacks:backpack":1,"minecraft:crafting_table":1,"minecraft:wooden_pickaxe":1,"minecraft:iron_helmet":1,"minecraft:iron_sword":1,"minecraft:light_blue_wool":3,"minecraft:bucket":2,"minecraft:jungle_planks":24,"minecraft:blue_dye":2,"minecraft:iron_chestplate":1,"minecraft:white_dye":2,"minecraft:stick":36,"minecraft:light_blue_dye":4,"minecraft:iron_ingot":47,"minecraft:iron_pickaxe":2,"minecraft:light_blue_bed":1,"minecraft:stone_sword":1,"minecraft:iron_leggings":1,"minecraft:torch":96},"minecraft:custom":{"minecraft:mob_kills":21,"minecraft:interact_with_crafting_table":21,"minecraft:open_barrel":4,"minecraft:leave_game":1,"minecraft:time_since_death":113612,"minecraft:climb_one_cm":2888,"minecraft:sprint_one_cm":97145,"minecraft:walk_one_cm":347284,"minecraft:drop":3,"minecraft:play_time":113612,"minecraft:sneak_time":1224,"minecraft:walk_under_water_one_cm":6523,"minecraft:jump":708,"minecraft:walk_on_water_one_cm":11049,"minecraft:total_world_time":113612,"minecraft:interact_with_furnace":20,"minecraft:interact_with_loom":1,"minecraft:sleep_in_bed":3,"minecraft:time_since_rest":64257,"minecraft:damage_taken":419,"minecraft:trigger_trapped_chest":1,"minecraft:damage_dealt":2792,"minecraft:fly_one_cm":68036,"minecraft:open_chest":14,"minecraft:crouch_one_cm":2196,"tombstone:undead_killed":7,"minecraft:fall_one_cm":8584},"minecraft:mined":{"alexscaves:spelunkery_table":1,"minecraft:tuff":3,"iceandfire:silver_ore":5,"minecraft:mossy_cobblestone":2,"minecraft:deepslate_diamond_ore":4,"born_in_chaos_v1:infected_diamond_ore":3,"minecraft:granite":7,"minecraft:grass_block":29,"born_in_chaos_v1:black_argillite":7,"minecraft:jungle_log":9,"iceandfire:deepslate_silver_ore":1,"minecraft:furnace":1,"minecraft:iron_ore":72,"minecraft:barrel":1,"minecraft:andesite":3,"minecraft:deepslate_iron_ore":1,"minecraft:vine":1,"minecraft:stone":177,"minecraft:deepslate_redstone_ore":2,"born_in_chaos_v1:marigolds":1,"minecraft:cornflower":2,"minecraft:oak_fence":7,"minecraft:crafting_table":4,"minecraft:torch":5,"minecraft:chest":1,"minecraft:cobblestone":19,"minecraft:lapis_ore":10,"minecraft:deepslate_gold_ore":10,"minecraft:oak_planks":2,"supplementaries:urn":10,"minecraft:gray_wool":18,"minecraft:light_blue_bed":1,"minecraft:tnt":1,"minecraft:grass":6,"minecraft:coal_ore":122,"luminousworld:ishstone":1,"minecraft:cyan_carpet":9,"minecraft:gravel":3,"minecraft:dirt":10,"minecraft:cobweb":17,"minecraft:mossy_stone_bricks":1,"minecraft:gold_ore":2,"minecraft:deepslate":24}},"DataVersion":3465}