{"stats":{"minecraft:killed_by":{"minecraft:husk":1,"minecraft:player":1},"minecraft:broken":{"minecraft:stone_sword":1,"aether:iron_gloves":1,"minecraft:stone_pickaxe":1,"minecraft:wooden_sword":1,"minecraft:iron_sword":1,"minecraft:iron_pickaxe":2},"minecraft:picked_up":{"minecraft:charcoal":10,"minecraft:crafting_table":7,"born_in_chaos_v1:diamond_termite_shard":1,"minecraft:potion":2,"minecraft:gold_block":2,"minecraft:enchanted_book":1,"quark:dark_oak_chest":1,"minecraft:polished_deepslate":2,"born_in_chaos_v1:black_argillite":7,"minecraft:cornflower":2,"minecraft:string":30,"minecraft:raw_copper":3,"minecraft:cyan_carpet":9,"minecraft:gold_nugget":24,"minecraft:cartography_table":1,"minecraft:tnt_minecart":1,"minecraft:cobbled_deepslate":435,"earthmobsmod:duck_egg":3,"minecraft:beef":7,"minecraft:player_head":1,"minecraft:cyan_wool":1,"minecraft:jungle_sapling":2,"minecraft:iron_pickaxe":1,"minecraft:coal_block":14,"minecraft:chest":1,"minecraft:furnace":3,"minecraft:stick":2,"minecraft:raw_iron":91,"minecraft:oak_fence":10,"minecraft:torch":186,"quark:birch_chest":1,"tombstone:grave_dust":2,"born_in_chaos_v1:pieceofdarkmetal":1,"minecraft:redstone":10,"minecraft:light_blue_bed":1,"minecraft:tnt":1,"minecraft:arrow":34,"minecraft:rotten_flesh":26,"aether:chainmail_gloves":2,"minecraft:deepslate_bricks":2,"supplementaries:antique_ink":2,"alexscaves:spelunkery_table":1,"minecraft:cracked_deepslate_bricks":5,"tombstone:essence_of_undeath":1,"supplementaries:ash":6,"minecraft:mutton":7,"minecraft:cobblestone":294,"minecraft:white_wool":4,"minecraft:rail":2,"born_in_chaos_v1:fused_bone":2,"minecraft:glow_ink_sac":1,"minecraft:jungle_log":9,"minecraft:andesite":10,"luminousworld:ishstone":9,"minecraft:leather":5,"minecraft:smoker":2,"minecraft:tuff":5,"minecraft:oak_log":7,"supplementaries:flax_seeds":7,"minecraft:magenta_bed":2,"minecraft:gunpowder":6,"minecraft:lapis_lazuli":62,"minecraft:dirt":53,"born_in_chaos_v1:marigolds":1,"minecraft:chipped_anvil":1,"minecraft:bone":44,"minecraft:bow":1,"minecraft:stonecutter":1,"minecraft:raw_gold":29,"tombstone:bag_of_seeds":1,"minecraft:mossy_stone_bricks":1,"minecraft:iron_sword":2,"minecraft:oak_planks":5,"twilightforest:canopy_chest":1,"minecraft:oak_slab":1,"minecraft:gravel":3,"minecraft:sand":5,"minecraft:loom":4,"minecraft:cyan_bed":1,"minecraft:spider_eye":15,"minecraft:trapped_chest":1,"minecraft:barrel":6,"minecraft:mossy_cobblestone":2,"minecraft:diamond":5,"minecraft:granite":10,"minecraft:diamond_axe":1,"minecraft:gray_wool":18,"minecraft:emerald":7,"minecraft:netherrack":9,"minecraft:coal":174,"iceandfire:raw_silver":8},"minecraft:dropped":{"minecraft:iron_sword":1,"minecraft:granite":4,"minecraft:iron_pickaxe":1,"minecraft:gravel":3,"minecraft:rotten_flesh":9,"aether:chainmail_gloves":2,"minecraft:mossy_stone_bricks":1,"minecraft:barrel":1,"minecraft:cracked_deepslate_bricks":5},"minecraft:killed":{"minecraft:spider":1,"enemyexpansion:direwolf":1,"minecraft:skeleton":23,"enemyexpansion:faller":1,"luminousworld:savannah_zombie":1,"minecraft:husk":2,"born_in_chaos_v1:diamond_termite":2,"minecraft:bat":1,"enemyexpansion:sprinter":3,"minecraft:sheep":4,"minecraft:zombie":2,"enemyexpansion:huntsman":1,"minecraft:cow":3,"enemyexpansion:slugger":1},"minecraft:used":{"stalwart_dungeons:iron_hammer":10,"minecraft:stone_sword":113,"minecraft:chest":1,"minecraft:iron_sword":494,"vanillaplustools:stone_hammer":58,"minecraft:torch":301,"minecraft:dirt":49,"minecraft:tuff":3,"minecraft:jungle_log":3,"minecraft:light_blue_bed":2,"minecraft:barrel":5,"minecraft:furnace":2,"tombstone:gift":1,"minecraft:cooked_beef":5,"minecraft:golden_axe":17,"minecraft:iron_leggings":1,"minecraft:cooked_mutton":7,"minecraft:water_bucket":5,"minecraft:stone_pickaxe":130,"minecraft:oak_planks":1,"minecraft:wooden_pickaxe":50,"minecraft:diamond_axe":79,"luminousworld:ishstone":1,"minecraft:stonecutter":1,"minecraft:sand":3,"minecraft:rail":2,"minecraft:crafting_table":6,"minecraft:magenta_bed":1,"minecraft:bread":3,"minecraft:iron_pickaxe":459,"minecraft:wooden_sword":63,"minecraft:cobblestone":109,"minecraft:andesite":3,"minecraft:bucket":6,"minecraft:pumpkin_pie":3,"alexsmobs:animal_dictionary":1,"minecraft:gray_wool":4},"minecraft:crafted":{"minecraft:wooden_sword":1,"minecraft:smooth_stone":1,"minecraft:oak_planks":28,"vanillaplustools:stone_hammer":1,"minecraft:furnace":1,"minecraft:stone":4,"minecraft:bone_meal":6,"minecraft:cooked_mutton":7,"minecraft:iron_boots":1,"minecraft:stone_pickaxe":10,"minecraft:chest":1,"stalwart_dungeons:iron_hammer":1,"sophisticatedbackpacks:iron_backpack":2,"minecraft:cooked_beef":7,"minecraft:arrow":12,"sophisticatedbackpacks:backpack":1,"minecraft:crafting_table":1,"minecraft:wooden_pickaxe":1,"minecraft:iron_helmet":1,"minecraft:iron_sword":3,"minecraft:light_blue_wool":3,"sophisticatedbackpacks:gold_backpack":1,"minecraft:bucket":2,"minecraft:jungle_planks":24,"minecraft:blue_dye":2,"minecraft:iron_chestplate":1,"minecraft:white_dye":2,"minecraft:stick":72,"minecraft:light_blue_dye":4,"minecraft:iron_ingot":62,"minecraft:iron_pickaxe":2,"minecraft:light_blue_bed":1,"minecraft:stone_sword":1,"minecraft:gold_ingot":8,"minecraft:iron_leggings":1,"minecraft:stonecutter":1,"minecraft:torch":148},"minecraft:custom":{"minecraft:mob_kills":49,"minecraft:interact_with_crafting_table":43,"minecraft:open_barrel":17,"minecraft:leave_game":1,"minecraft:time_since_death":5230,"minecraft:climb_one_cm":23833,"minecraft:sprint_one_cm":141799,"minecraft:walk_one_cm":682760,"minecraft:drop":12,"minecraft:play_time":221612,"minecraft:deaths":2,"minecraft:sneak_time":2231,"minecraft:walk_under_water_one_cm":22835,"minecraft:interact_with_lectern":1,"minecraft:jump":1325,"minecraft:walk_on_water_one_cm":48363,"minecraft:total_world_time":221612,"minecraft:interact_with_furnace":45,"minecraft:interact_with_loom":1,"minecraft:interact_with_stonecutter":1,"minecraft:sleep_in_bed":6,"minecraft:time_since_rest":4860,"minecraft:damage_taken":1750,"minecraft:trigger_trapped_chest":1,"minecraft:damage_dealt":9817,"minecraft:swim_one_cm":11441,"minecraft:fly_one_cm":147238,"minecraft:open_chest":32,"minecraft:crouch_one_cm":7099,"tombstone:undead_killed":33,"minecraft:interact_with_smoker":1,"minecraft:inspect_dispenser":1,"minecraft:fall_one_cm":17981},"minecraft:mined":{"alexscaves:spelunkery_table":1,"minecraft:tuff":5,"iceandfire:silver_ore":5,"minecraft:mossy_cobblestone":2,"minecraft:deepslate_diamond_ore":5,"born_in_chaos_v1:infected_diamond_ore":3,"minecraft:granite":7,"minecraft:grass_block":29,"twilightforest:canopy_chest":1,"born_in_chaos_v1:black_argillite":7,"minecraft:jungle_log":9,"iceandfire:deepslate_silver_ore":3,"minecraft:deepslate_bricks":2,"minecraft:coal_block":14,"minecraft:cartography_table":1,"minecraft:spawner":1,"minecraft:furnace":3,"minecraft:iron_ore":72,"minecraft:fire":5,"minecraft:barrel":4,"minecraft:andesite":7,"minecraft:gold_block":2,"minecraft:polished_deepslate":2,"minecraft:deepslate_iron_ore":19,"minecraft:vine":1,"minecraft:rail":1,"minecraft:stone":241,"minecraft:player_head":1,"minecraft:tripwire":2,"minecraft:deepslate_redstone_ore":2,"born_in_chaos_v1:marigolds":1,"quark:dark_oak_chest":1,"minecraft:smoker":1,"minecraft:cornflower":2,"minecraft:oak_fence":7,"minecraft:crafting_table":7,"minecraft:torch":6,"minecraft:chest":1,"minecraft:campfire":5,"minecraft:cobblestone":42,"minecraft:cyan_bed":1,"minecraft:lapis_ore":10,"minecraft:deepslate_gold_ore":20,"minecraft:oak_planks":5,"minecraft:cracked_deepslate_bricks":5,"minecraft:wall_torch":4,"supplementaries:urn":19,"minecraft:gray_wool":18,"minecraft:light_blue_bed":1,"minecraft:magenta_bed":2,"minecraft:tnt":1,"ecologics:hanging_coconut":1,"minecraft:grass":6,"quark:birch_chest":1,"minecraft:coal_ore":130,"luminousworld:ishstone":1,"minecraft:loom":4,"minecraft:cyan_carpet":9,"minecraft:gravel":3,"minecraft:sand":5,"minecraft:dirt":10,"minecraft:cobweb":24,"minecraft:stonecutter":1,"minecraft:netherrack":8,"minecraft:chipped_anvil":1,"minecraft:mossy_stone_bricks":1,"minecraft:gold_ore":3,"minecraft:deepslate":405}},"DataVersion":3465}