{"stats":{"minecraft:broken":{"minecraft:wooden_sword":1},"minecraft:picked_up":{"born_in_chaos_v1:fused_bone":2,"minecraft:crafting_table":2,"minecraft:jungle_log":9,"minecraft:leather":5,"minecraft:dirt":48,"minecraft:cornflower":2,"minecraft:string":2,"born_in_chaos_v1:marigolds":1,"minecraft:bone":5,"minecraft:cyan_carpet":9,"minecraft:beef":7,"minecraft:cyan_wool":1,"minecraft:jungle_sapling":2,"minecraft:chest":1,"minecraft:furnace":1,"minecraft:raw_iron":32,"minecraft:stick":2,"minecraft:oak_fence":7,"minecraft:light_blue_bed":1,"minecraft:arrow":1,"minecraft:rotten_flesh":1,"minecraft:granite":6,"minecraft:gray_wool":18,"minecraft:mutton":7,"minecraft:coal":29,"minecraft:white_wool":4,"minecraft:cobblestone":85},"minecraft:killed":{"minecraft:spider":1,"enemyexpansion:sprinter":1,"minecraft:sheep":4,"minecraft:skeleton":1,"enemyexpansion:huntsman":1,"minecraft:cow":3},"minecraft:used":{"minecraft:cooked_mutton":2,"minecraft:stone_sword":10,"minecraft:stone_pickaxe":129,"minecraft:wooden_pickaxe":28,"minecraft:torch":6,"minecraft:dirt":46,"minecraft:crafting_table":2,"minecraft:jungle_log":3,"minecraft:light_blue_bed":2,"minecraft:wooden_sword":63,"minecraft:furnace":1,"minecraft:gray_wool":4},"minecraft:crafted":{"minecraft:cooked_beef":7,"minecraft:wooden_sword":1,"minecraft:wooden_pickaxe":1,"minecraft:light_blue_wool":3,"minecraft:bone_meal":6,"minecraft:cooked_mutton":3,"minecraft:jungle_planks":16,"minecraft:blue_dye":2,"minecraft:white_dye":2,"minecraft:stick":8,"minecraft:light_blue_dye":4,"minecraft:stone_pickaxe":1,"minecraft:stone_sword":1,"minecraft:light_blue_bed":1,"minecraft:torch":16},"minecraft:custom":{"minecraft:interact_with_furnace":7,"minecraft:mob_kills":11,"minecraft:interact_with_crafting_table":5,"minecraft:leave_game":1,"minecraft:time_since_death":53612,"minecraft:sleep_in_bed":3,"minecraft:climb_one_cm":812,"minecraft:time_since_rest":4257,"minecraft:sprint_one_cm":63202,"minecraft:damage_taken":220,"minecraft:walk_one_cm":127030,"minecraft:damage_dealt":1292,"minecraft:fly_one_cm":63465,"minecraft:open_chest":1,"minecraft:crouch_one_cm":95,"minecraft:play_time":53612,"tombstone:undead_killed":3,"minecraft:sneak_time":171,"minecraft:walk_under_water_one_cm":2306,"minecraft:jump":412,"minecraft:walk_on_water_one_cm":3091,"minecraft:total_world_time":53612,"minecraft:fall_one_cm":5669},"minecraft:mined":{"born_in_chaos_v1:marigolds":1,"minecraft:oak_fence":7,"minecraft:crafting_table":2,"minecraft:cornflower":2,"minecraft:granite":6,"minecraft:grass_block":29,"minecraft:chest":1,"minecraft:jungle_log":9,"minecraft:gray_wool":18,"minecraft:light_blue_bed":1,"minecraft:furnace":1,"minecraft:iron_ore":32,"minecraft:grass":6,"minecraft:coal_ore":29,"minecraft:cyan_carpet":9,"minecraft:dirt":5,"minecraft:stone":86}},"DataVersion":3465}