{"stats":{"minecraft:broken":{"vanillaplustools:iron_hammer":1,"minecraft:stone_pickaxe":1,"vanillaplustools:iron_shovel":2,"minecraft:wooden_sword":1,"minecraft:iron_sword":2,"minecraft:stone_sword":1,"aether:iron_gloves":1,"vanillaplustools:stone_hammer":1,"minecraft:iron_pickaxe":2,"minecraft:iron_helmet":1},"minecraft:killed_by":{"minecraft:husk":1,"minecraft:player":1,"born_in_chaos_v1:bloody_gadfly":1},"minecraft:custom":{"minecraft:interact_with_crafting_table":48,"minecraft:open_barrel":17,"minecraft:leave_game":3,"minecraft:time_since_death":105013,"minecraft:sprint_one_cm":549254,"minecraft:drop":45,"minecraft:play_noteblock":1,"minecraft:talked_to_villager":4,"minecraft:play_time":539032,"minecraft:deaths":3,"minecraft:jump":2634,"minecraft:walk_on_water_one_cm":67763,"minecraft:interact_with_furnace":51,"minecraft:interact_with_loom":1,"minecraft:sleep_in_bed":8,"minecraft:damage_dealt":17866,"minecraft:crouch_one_cm":7612,"tombstone:undead_killed":43,"minecraft:interact_with_smoker":1,"minecraft:inspect_dispenser":3,"minecraft:mob_kills":78,"minecraft:damage_dealt_resisted":369,"minecraft:climb_one_cm":24649,"minecraft:walk_one_cm":1073896,"minecraft:sneak_time":2991,"minecraft:walk_under_water_one_cm":37485,"minecraft:interact_with_lectern":1,"minecraft:total_world_time":539032,"minecraft:interact_with_stonecutter":1,"minecraft:time_since_rest":72187,"minecraft:damage_taken":3626,"minecraft:trigger_trapped_chest":1,"minecraft:swim_one_cm":13475,"minecraft:fly_one_cm":465726,"minecraft:open_chest":41,"minecraft:fall_one_cm":42326},"minecraft:mined":{"undead_revamp2:arapholia":1,"minecraft:granite":8,"minecraft:grass_block":1504,"minecraft:jungle_log":9,"minecraft:deepslate_bricks":2,"minecraft:coal_block":14,"minecraft:spawner":1,"minecraft:iron_ore":74,"minecraft:fire":9,"minecraft:barrel":4,"minecraft:azure_bluet":1,"minecraft:light_gray_concrete":61,"minecraft:player_head":1,"minecraft:tripwire":2,"minecraft:deepslate_redstone_ore":2,"minecraft:smoker":1,"minecraft:chiseled_quartz_block":89,"minecraft:torch":6,"minecraft:poppy":1,"minecraft:chest":1,"minecraft:cobblestone":56,"minecraft:cyan_bed":1,"minecraft:oak_planks":5,"minecraft:wall_torch":4,"minecraft:seagrass":1,"minecraft:magenta_bed":2,"minecraft:smooth_stone_slab":1,"minecraft:tnt":1,"minecraft:stone_brick_stairs":2,"minecraft:grass":37,"quark:birch_chest":1,"minecraft:oak_log":15,"minecraft:dirt":1868,"minecraft:loom":4,"minecraft:sand":5,"minecraft:smooth_quartz":181,"luminousworld:grassvariant_3":1,"minecraft:stonecutter":1,"minecraft:netherrack":8,"minecraft:oak_leaves":2,"minecraft:deepslate":405,"alexscaves:spelunkery_table":1,"minecraft:tuff":5,"iceandfire:silver_ore":10,"minecraft:mossy_cobblestone":2,"minecraft:deepslate_diamond_ore":5,"born_in_chaos_v1:infected_diamond_ore":3,"twilightforest:canopy_chest":1,"born_in_chaos_v1:black_argillite":7,"iceandfire:deepslate_silver_ore":3,"luminousworld:grassvariant_2":4,"minecraft:cartography_table":1,"minecraft:furnace":3,"minecraft:andesite":17,"minecraft:gold_block":2,"minecraft:polished_deepslate":2,"minecraft:deepslate_iron_ore":19,"minecraft:vine":1,"minecraft:rail":1,"minecraft:stone":2574,"minecraft:gray_concrete":4,"born_in_chaos_v1:marigolds":1,"quark:dark_oak_chest":1,"minecraft:dandelion":7,"minecraft:oak_fence":7,"minecraft:crafting_table":7,"minecraft:cornflower":6,"minecraft:rose_bush":2,"minecraft:campfire":5,"minecraft:copper_ore":17,"minecraft:tall_grass":2,"minecraft:lapis_ore":10,"minecraft:deepslate_gold_ore":20,"minecraft:cracked_deepslate_bricks":5,"supplementaries:urn":19,"minecraft:gray_wool":18,"minecraft:light_blue_bed":1,"ecologics:hanging_coconut":1,"minecraft:coal_ore":149,"luminousworld:ishstone":1,"minecraft:cyan_carpet":9,"minecraft:gravel":104,"minecraft:cobweb":26,"minecraft:chipped_anvil":1,"minecraft:mossy_stone_bricks":1,"minecraft:gold_ore":3},"minecraft:killed":{"born_in_chaos_v1:zombie_clown":1,"born_in_chaos_v1:zombie_lumberjack":1,"minecraft:spider":2,"enemyexpansion:equestrian":1,"undead_revamp2:thesmoker":1,"minecraft:skeleton":23,"born_in_chaos_v1:diamond_termite":2,"minecraft:zombie_villager":2,"minecraft:sheep":4,"minecraft:zombie":4,"born_in_chaos_v1:dread_hound":3,"born_in_chaos_v1:corpse_fly":1,"mutantmonsters:mutant_creeper":1,"iceandfire:sea_serpent":1,"minecraft:cow":3,"enemyexpansion:direwolf":3,"born_in_chaos_v1:maggot":6,"born_in_chaos_v1:dire_hound_leader":1,"enemyexpansion:faller":1,"luminousworld:savannah_zombie":1,"minecraft:husk":2,"iceandfire:cyclops":1,"born_in_chaos_v1:baby_skeleton":1,"undead_revamp2:the_moonflower":1,"minecraft:bat":1,"enemyexpansion:sprinter":3,"enemyexpansion:huntsman":1,"enemyexpansion:slugger":1},"minecraft:dropped":{"minecraft:iron_sword":2,"minecraft:dirt":64,"minecraft:iron_pickaxe":1,"vanillaplustools:iron_hammer":1,"minecraft:bone":8,"minecraft:gravel":3,"minecraft:rotten_flesh":60,"minecraft:poppy":1,"supplementaries:ash":12,"luminousworld:grassflowers":1,"minecraft:wheat_seeds":13,"minecraft:cobblestone":282,"minecraft:granite":4,"minecraft:trapped_chest":1,"minecraft:smooth_stone_slab":1,"aether:chainmail_gloves":2,"minecraft:andesite":1,"minecraft:mossy_stone_bricks":1,"minecraft:barrel":1,"minecraft:wooden_pickaxe":1,"minecraft:cracked_deepslate_bricks":5},"minecraft:picked_up":{"minecraft:iron_chestplate":1,"minecraft:enchanted_book":1,"minecraft:potion":2,"minecraft:stone_brick_stairs":2,"born_in_chaos_v1:black_argillite":7,"minecraft:polished_deepslate":2,"minecraft:string":32,"minecraft:raw_copper":51,"minecraft:smooth_stone_slab":3,"minecraft:zombie_head":1,"minecraft:tnt_minecart":1,"minecraft:gold_nugget":24,"minecraft:cobbled_deepslate":435,"earthmobsmod:duck_egg":3,"minecraft:smooth_quartz":180,"minecraft:iron_pickaxe":1,"minecraft:coal_block":14,"minecraft:furnace":3,"minecraft:stick":5,"minecraft:oak_fence":10,"minecraft:torch":188,"tombstone:grave_dust":2,"luminousworld:grassflowers":1,"minecraft:rotten_flesh":78,"aether:chainmail_gloves":2,"supplementaries:antique_ink":2,"supplementaries:ash":17,"undead_revamp2:arapholia":2,"alexsmobs:flying_fish":1,"minecraft:cobblestone":2122,"minecraft:iron_door":1,"minecraft:andesite":21,"minecraft:jungle_log":9,"minecraft:chiseled_quartz_block":92,"minecraft:smoker":2,"minecraft:flint":10,"minecraft:tuff":5,"supplementaries:flax_seeds":7,"minecraft:magenta_bed":2,"minecraft:gray_concrete":5,"minecraft:lapis_lazuli":62,"minecraft:dirt":1862,"born_in_chaos_v1:monster_skin":5,"born_in_chaos_v1:marigolds":6,"minecraft:bone":62,"minecraft:chipped_anvil":1,"minecraft:stonecutter":1,"minecraft:bow":1,"minecraft:wheat_seeds":14,"minecraft:raw_gold":29,"minecraft:mossy_stone_bricks":1,"minecraft:honeycomb":1,"minecraft:oak_planks":5,"twilightforest:canopy_chest":1,"minecraft:sand":5,"minecraft:loom":4,"minecraft:cyan_bed":1,"minecraft:trapped_chest":1,"minecraft:barrel":6,"naturalist:duck_egg":3,"minecraft:mossy_cobblestone":2,"undead_revamp2:heavytooth":2,"minecraft:light_gray_concrete":85,"minecraft:diamond":5,"minecraft:granite":11,"minecraft:emerald":7,"minecraft:oak_sapling":11,"minecraft:netherrack":9,"iceandfire:raw_silver":10,"luminousworld:groundpebbles_1":6,"minecraft:charcoal":10,"born_in_chaos_v1:diamond_termite_shard":1,"minecraft:crafting_table":7,"minecraft:azure_bluet":3,"minecraft:wooden_pickaxe":1,"minecraft:gold_block":2,"quark:dark_oak_chest":1,"minecraft:cornflower":9,"minecraft:iron_axe":1,"born_in_chaos_v1:intoxicating_decoction":1,"minecraft:cyan_carpet":9,"minecraft:cartography_table":1,"minecraft:beef":7,"minecraft:player_head":1,"minecraft:cyan_wool":1,"minecraft:jungle_sapling":2,"minecraft:poppy":3,"minecraft:chest":1,"minecraft:raw_iron":93,"quark:birch_chest":1,"born_in_chaos_v1:pieceofdarkmetal":1,"minecraft:redstone":10,"minecraft:light_blue_bed":1,"minecraft:tnt":1,"minecraft:arrow":39,"iceandfire:cyclops_eye":1,"minecraft:deepslate_bricks":2,"alexscaves:spelunkery_table":1,"minecraft:cracked_deepslate_bricks":10,"tombstone:essence_of_undeath":1,"minecraft:mutton":16,"minecraft:rail":2,"minecraft:white_wool":9,"minecraft:oxeye_daisy":1,"born_in_chaos_v1:fused_bone":2,"born_in_chaos_v1:corpse_maggot":4,"iceandfire:sea_serpent_fang":5,"born_in_chaos_v1:monster_flesh":8,"minecraft:glow_ink_sac":1,"luminousworld:ishstone":9,"minecraft:leather":8,"minecraft:oak_log":22,"minecraft:gunpowder":6,"vanillaplustools:iron_hammer":2,"tombstone:bag_of_seeds":1,"minecraft:iron_sword":5,"minecraft:oak_slab":1,"iceandfire:sea_serpent_scales_green":3,"minecraft:dandelion":21,"minecraft:gravel":94,"born_in_chaos_v1:fangofthe_hound_leader":1,"minecraft:spider_eye":15,"minecraft:slime_ball":5,"minecraft:diamond_axe":1,"minecraft:gray_wool":18,"minecraft:coal":193,"minecraft:sunflower":1},"minecraft:crafted":{"minecraft:smooth_stone":1,"minecraft:oak_planks":32,"minecraft:stone":4,"minecraft:cooked_mutton":7,"minecraft:iron_boots":1,"minecraft:chest":1,"stalwart_dungeons:iron_hammer":1,"minecraft:arrow":12,"sophisticatedbackpacks:backpack":1,"minecraft:crafting_table":1,"minecraft:wooden_pickaxe":1,"minecraft:iron_helmet":1,"minecraft:iron_chestplate":1,"minecraft:stick":112,"minecraft:iron_pickaxe":2,"minecraft:light_blue_dye":4,"minecraft:iron_ingot":68,"minecraft:light_blue_bed":1,"minecraft:stone_sword":1,"minecraft:gold_ingot":8,"minecraft:wooden_sword":1,"vanillaplustools:stone_hammer":1,"vanillaplustools:iron_shovel":2,"minecraft:furnace":1,"minecraft:bone_meal":6,"minecraft:stone_pickaxe":10,"sophisticatedbackpacks:iron_backpack":2,"minecraft:cooked_beef":7,"minecraft:coal_block":10,"minecraft:iron_sword":3,"minecraft:light_blue_wool":3,"sophisticatedbackpacks:gold_backpack":1,"minecraft:bucket":2,"minecraft:jungle_planks":24,"minecraft:blue_dye":2,"minecraft:white_dye":2,"minecraft:iron_shovel":18,"minecraft:iron_leggings":1,"minecraft:stonecutter":1,"minecraft:torch":148},"minecraft:used":{"stalwart_dungeons:iron_hammer":127,"minecraft:iron_shovel":112,"minecraft:chest":1,"minecraft:stone":970,"minecraft:iron_sword":900,"minecraft:carrot":14,"minecraft:tuff":3,"vanillaplustools:iron_shovel":603,"minecraft:grass_block":481,"minecraft:light_blue_bed":2,"minecraft:bow":29,"minecraft:furnace":2,"minecraft:stone_pickaxe":130,"minecraft:oak_planks":4,"minecraft:wooden_pickaxe":50,"minecraft:diamond_axe":163,"minecraft:oak_leaves":1,"minecraft:sand":3,"iceandfire:dragonbone_sword_lightning":7,"minecraft:cyan_bed":1,"minecraft:bread":3,"minecraft:stone_button":2,"born_in_chaos_v1:marigolds":5,"minecraft:wooden_sword":63,"minecraft:andesite":3,"minecraft:smooth_stone_slab":2,"minecraft:stone_sword":113,"vanillaplustools:stone_hammer":131,"minecraft:torch":310,"minecraft:dirt":442,"minecraft:oak_stairs":29,"minecraft:jungle_log":3,"minecraft:barrel":5,"tombstone:gift":3,"minecraft:cooked_beef":23,"minecraft:golden_axe":17,"minecraft:iron_leggings":1,"minecraft:cooked_mutton":7,"minecraft:water_bucket":6,"minecraft:cobblestone_stairs":3,"luminousworld:ishstone":1,"minecraft:stonecutter":1,"minecraft:rail":2,"minecraft:crafting_table":6,"minecraft:magenta_bed":1,"minecraft:oak_log":9,"minecraft:cornflower":2,"minecraft:iron_pickaxe":459,"minecraft:cobblestone":117,"vanillaplustools:iron_hammer":389,"minecraft:bucket":7,"minecraft:pumpkin_pie":5,"alexsmobs:animal_dictionary":1,"minecraft:gray_wool":4}},"DataVersion":3465}