{"stats":{"minecraft:picked_up":{"minecraft:stick":2,"minecraft:jungle_log":9,"minecraft:leather":5,"minecraft:oak_fence":7,"minecraft:dirt":45,"born_in_chaos_v1:marigolds":1,"minecraft:beef":7,"minecraft:gray_wool":14,"minecraft:cyan_wool":1,"minecraft:jungle_sapling":2,"minecraft:chest":1,"minecraft:mutton":3,"minecraft:white_wool":2},"minecraft:used":{"minecraft:jungle_log":3,"minecraft:wooden_sword":25,"minecraft:dirt":46},"minecraft:crafted":{"minecraft:wooden_sword":1,"minecraft:stick":4,"minecraft:wooden_pickaxe":1,"minecraft:jungle_planks":8},"minecraft:killed":{"minecraft:sheep":2,"minecraft:cow":3},"minecraft:custom":{"minecraft:time_since_rest":10821,"minecraft:sprint_one_cm":46147,"minecraft:damage_taken":25,"minecraft:walk_one_cm":60293,"minecraft:mob_kills":5,"minecraft:damage_dealt":592,"minecraft:interact_with_crafting_table":1,"minecraft:fly_one_cm":51011,"minecraft:open_chest":1,"minecraft:crouch_one_cm":95,"minecraft:play_time":29612,"minecraft:sneak_time":168,"minecraft:jump":218,"minecraft:time_since_death":29612,"minecraft:leave_game":1,"minecraft:walk_on_water_one_cm":157,"minecraft:sleep_in_bed":1,"minecraft:total_world_time":29612,"minecraft:climb_one_cm":288,"minecraft:fall_one_cm":2775},"minecraft:mined":{"minecraft:gray_wool":14,"born_in_chaos_v1:marigolds":1,"minecraft:oak_fence":7,"minecraft:grass":6,"minecraft:grass_block":29,"minecraft:chest":1,"minecraft:jungle_log":9,"minecraft:dirt":2}},"DataVersion":3465}