{"stats":{"minecraft:broken":{"minecraft:stone_pickaxe":1,"minecraft:wooden_sword":1},"minecraft:picked_up":{"born_in_chaos_v1:fused_bone":2,"born_in_chaos_v1:diamond_termite_shard":1,"minecraft:crafting_table":3,"minecraft:andesite":1,"minecraft:jungle_log":9,"luminousworld:ishstone":8,"minecraft:leather":5,"minecraft:oak_log":7,"supplementaries:flax_seeds":2,"minecraft:gunpowder":2,"minecraft:lapis_lazuli":30,"minecraft:dirt":50,"minecraft:cornflower":2,"minecraft:string":19,"born_in_chaos_v1:marigolds":1,"minecraft:bone":11,"minecraft:cyan_carpet":9,"minecraft:raw_gold":1,"minecraft:beef":7,"minecraft:cyan_wool":1,"minecraft:jungle_sapling":2,"minecraft:iron_pickaxe":1,"minecraft:chest":1,"minecraft:oak_planks":1,"minecraft:furnace":1,"minecraft:oak_slab":1,"minecraft:raw_iron":47,"minecraft:stick":2,"minecraft:oak_fence":10,"minecraft:torch":3,"minecraft:light_blue_bed":1,"minecraft:mossy_cobblestone":2,"minecraft:barrel":2,"minecraft:tnt":1,"minecraft:arrow":1,"minecraft:rotten_flesh":2,"alexscaves:spelunkery_table":1,"minecraft:granite":6,"minecraft:gray_wool":18,"minecraft:emerald":7,"iceandfire:raw_silver":4,"minecraft:mutton":7,"minecraft:coal":105,"minecraft:white_wool":4,"minecraft:cobblestone":155},"minecraft:dropped":{"minecraft:rotten_flesh":1,"minecraft:barrel":1,"minecraft:iron_pickaxe":1},"minecraft:killed":{"born_in_chaos_v1:diamond_termite":1,"minecraft:spider":1,"minecraft:bat":1,"enemyexpansion:sprinter":2,"minecraft:sheep":4,"minecraft:skeleton":1,"minecraft:zombie":1,"enemyexpansion:huntsman":1,"minecraft:cow":3},"minecraft:used":{"minecraft:cooked_mutton":3,"minecraft:stone_sword":77,"minecraft:stone_pickaxe":130,"minecraft:chest":1,"minecraft:wooden_pickaxe":50,"minecraft:torch":22,"minecraft:dirt":46,"minecraft:crafting_table":3,"minecraft:iron_pickaxe":157,"minecraft:jungle_log":3,"minecraft:light_blue_bed":2,"minecraft:barrel":1,"minecraft:wooden_sword":63,"minecraft:cobblestone":52,"minecraft:furnace":1,"minecraft:andesite":1,"alexsmobs:animal_dictionary":1,"minecraft:cooked_beef":1,"minecraft:gray_wool":4,"minecraft:iron_leggings":1},"minecraft:crafted":{"minecraft:cooked_beef":7,"minecraft:wooden_sword":1,"minecraft:oak_planks":28,"sophisticatedbackpacks:backpack":1,"minecraft:crafting_table":1,"minecraft:iron_helmet":1,"minecraft:wooden_pickaxe":1,"minecraft:light_blue_wool":3,"minecraft:bucket":2,"minecraft:bone_meal":6,"minecraft:cooked_mutton":7,"minecraft:jungle_planks":24,"minecraft:blue_dye":2,"minecraft:iron_boots":1,"minecraft:iron_chestplate":1,"minecraft:white_dye":2,"minecraft:stick":24,"minecraft:light_blue_dye":4,"minecraft:iron_ingot":47,"minecraft:iron_pickaxe":2,"minecraft:stone_pickaxe":1,"minecraft:stone_sword":1,"minecraft:light_blue_bed":1,"minecraft:chest":1,"minecraft:iron_leggings":1,"minecraft:torch":64,"sophisticatedbackpacks:iron_backpack":2},"minecraft:custom":{"minecraft:interact_with_furnace":20,"minecraft:mob_kills":16,"minecraft:interact_with_crafting_table":20,"minecraft:open_barrel":4,"minecraft:interact_with_loom":1,"minecraft:leave_game":1,"minecraft:time_since_death":89612,"minecraft:sleep_in_bed":3,"minecraft:climb_one_cm":812,"minecraft:time_since_rest":40257,"minecraft:sprint_one_cm":68830,"minecraft:damage_taken":306,"minecraft:walk_one_cm":219018,"minecraft:drop":3,"minecraft:damage_dealt":1850,"minecraft:fly_one_cm":64825,"minecraft:open_chest":14,"minecraft:crouch_one_cm":630,"minecraft:play_time":89612,"tombstone:undead_killed":5,"minecraft:sneak_time":446,"minecraft:walk_under_water_one_cm":3403,"minecraft:jump":575,"minecraft:walk_on_water_one_cm":6432,"minecraft:total_world_time":89612,"minecraft:fall_one_cm":7122},"minecraft:mined":{"alexscaves:spelunkery_table":1,"iceandfire:silver_ore":4,"born_in_chaos_v1:marigolds":1,"minecraft:mossy_cobblestone":2,"born_in_chaos_v1:infected_diamond_ore":1,"minecraft:oak_fence":7,"minecraft:crafting_table":3,"minecraft:cornflower":2,"minecraft:torch":3,"minecraft:granite":6,"minecraft:grass_block":29,"minecraft:chest":1,"minecraft:jungle_log":9,"minecraft:cobblestone":6,"minecraft:lapis_ore":4,"minecraft:oak_planks":1,"supplementaries:urn":5,"minecraft:gray_wool":18,"minecraft:light_blue_bed":1,"minecraft:furnace":1,"minecraft:iron_ore":49,"minecraft:barrel":1,"minecraft:andesite":1,"minecraft:tnt":1,"minecraft:grass":6,"minecraft:coal_ore":105,"luminousworld:ishstone":1,"minecraft:cyan_carpet":9,"minecraft:dirt":7,"minecraft:cobweb":17,"minecraft:stone":148,"minecraft:gold_ore":1}},"DataVersion":3465}