{"stats":{"minecraft:crafted":{"minecraft:wooden_sword":1,"minecraft:stick":4,"minecraft:wooden_pickaxe":1,"minecraft:jungle_planks":8},"minecraft:custom":{"minecraft:time_since_rest":3018,"minecraft:open_chest":1,"minecraft:crouch_one_cm":95,"minecraft:play_time":21809,"minecraft:sprint_one_cm":29946,"minecraft:walk_one_cm":44343,"minecraft:sneak_time":168,"minecraft:mob_kills":4,"minecraft:jump":143,"minecraft:damage_dealt":432,"minecraft:leave_game":1,"minecraft:time_since_death":21809,"minecraft:sleep_in_bed":1,"minecraft:climb_one_cm":288,"minecraft:total_world_time":21809,"minecraft:interact_with_crafting_table":1,"minecraft:fall_one_cm":1103,"minecraft:fly_one_cm":32083},"minecraft:killed":{"minecraft:sheep":2,"minecraft:cow":2},"minecraft:mined":{"minecraft:grass":3,"minecraft:grass_block":26,"minecraft:chest":1,"minecraft:jungle_log":9,"minecraft:dirt":2},"minecraft:picked_up":{"minecraft:stick":2,"minecraft:jungle_log":9,"minecraft:leather":4,"minecraft:beef":5,"minecraft:jungle_sapling":2,"minecraft:chest":1,"minecraft:mutton":3,"minecraft:white_wool":2,"minecraft:dirt":42},"minecraft:used":{"minecraft:wooden_sword":15,"minecraft:dirt":46,"minecraft:jungle_log":3}},"DataVersion":3465}