{"stats":{"minecraft:broken":{"minecraft:stone_sword":1,"minecraft:stone_pickaxe":1,"minecraft:wooden_sword":1,"minecraft:iron_pickaxe":1},"minecraft:picked_up":{"minecraft:charcoal":2,"minecraft:crafting_table":7,"born_in_chaos_v1:diamond_termite_shard":1,"minecraft:enchanted_book":1,"quark:dark_oak_chest":1,"born_in_chaos_v1:black_argillite":7,"minecraft:cornflower":2,"minecraft:string":23,"minecraft:raw_copper":3,"minecraft:cyan_carpet":9,"minecraft:gold_nugget":24,"minecraft:cartography_table":1,"minecraft:tnt_minecart":1,"minecraft:cobbled_deepslate":435,"minecraft:beef":7,"minecraft:cyan_wool":1,"minecraft:jungle_sapling":2,"minecraft:iron_pickaxe":1,"minecraft:chest":1,"minecraft:furnace":3,"minecraft:stick":2,"minecraft:raw_iron":91,"minecraft:oak_fence":10,"minecraft:torch":37,"quark:birch_chest":1,"born_in_chaos_v1:pieceofdarkmetal":1,"minecraft:redstone":10,"minecraft:light_blue_bed":1,"minecraft:tnt":1,"minecraft:arrow":2,"minecraft:rotten_flesh":11,"aether:chainmail_gloves":2,"supplementaries:antique_ink":2,"alexscaves:spelunkery_table":1,"supplementaries:ash":6,"minecraft:mutton":7,"minecraft:cobblestone":218,"minecraft:white_wool":4,"minecraft:rail":2,"born_in_chaos_v1:fused_bone":2,"minecraft:glow_ink_sac":1,"minecraft:jungle_log":9,"minecraft:andesite":3,"luminousworld:ishstone":9,"minecraft:leather":5,"minecraft:smoker":2,"minecraft:tuff":5,"minecraft:oak_log":7,"supplementaries:flax_seeds":7,"minecraft:magenta_bed":2,"minecraft:gunpowder":6,"minecraft:lapis_lazuli":62,"minecraft:dirt":53,"born_in_chaos_v1:marigolds":1,"minecraft:chipped_anvil":1,"minecraft:bone":23,"minecraft:stonecutter":1,"minecraft:raw_gold":29,"minecraft:mossy_stone_bricks":1,"minecraft:iron_sword":1,"minecraft:oak_planks":5,"twilightforest:canopy_chest":1,"minecraft:oak_slab":1,"minecraft:gravel":3,"minecraft:cyan_bed":1,"minecraft:spider_eye":15,"minecraft:trapped_chest":1,"minecraft:barrel":6,"minecraft:mossy_cobblestone":2,"minecraft:diamond":5,"minecraft:granite":10,"minecraft:diamond_axe":1,"minecraft:gray_wool":18,"minecraft:emerald":7,"minecraft:coal":165,"iceandfire:raw_silver":8},"minecraft:dropped":{"minecraft:granite":4,"minecraft:iron_pickaxe":1,"minecraft:gravel":3,"minecraft:rotten_flesh":1,"aether:chainmail_gloves":2,"minecraft:mossy_stone_bricks":1,"minecraft:barrel":1},"minecraft:killed":{"minecraft:spider":1,"enemyexpansion:direwolf":1,"minecraft:skeleton":2,"enemyexpansion:faller":1,"born_in_chaos_v1:diamond_termite":2,"minecraft:bat":1,"enemyexpansion:sprinter":3,"minecraft:sheep":4,"minecraft:zombie":2,"enemyexpansion:huntsman":1,"minecraft:cow":3,"enemyexpansion:slugger":1},"minecraft:used":{"stalwart_dungeons:iron_hammer":1,"minecraft:stone_sword":113,"minecraft:chest":1,"minecraft:iron_sword":46,"vanillaplustools:stone_hammer":43,"minecraft:torch":125,"minecraft:dirt":49,"minecraft:tuff":3,"minecraft:jungle_log":3,"minecraft:light_blue_bed":2,"minecraft:barrel":5,"minecraft:furnace":2,"minecraft:cooked_beef":2,"minecraft:golden_axe":17,"minecraft:iron_leggings":1,"minecraft:cooked_mutton":7,"minecraft:water_bucket":1,"minecraft:stone_pickaxe":130,"minecraft:oak_planks":1,"minecraft:wooden_pickaxe":50,"luminousworld:ishstone":1,"minecraft:stonecutter":1,"minecraft:rail":2,"minecraft:crafting_table":6,"minecraft:iron_pickaxe":390,"minecraft:wooden_sword":63,"minecraft:cobblestone":108,"minecraft:andesite":3,"minecraft:bucket":1,"alexsmobs:animal_dictionary":1,"minecraft:gray_wool":4},"minecraft:crafted":{"minecraft:wooden_sword":1,"minecraft:smooth_stone":1,"minecraft:oak_planks":28,"vanillaplustools:stone_hammer":1,"minecraft:furnace":1,"minecraft:stone":4,"minecraft:bone_meal":6,"minecraft:cooked_mutton":7,"minecraft:iron_boots":1,"minecraft:stone_pickaxe":10,"minecraft:chest":1,"stalwart_dungeons:iron_hammer":1,"sophisticatedbackpacks:iron_backpack":2,"minecraft:cooked_beef":7,"sophisticatedbackpacks:backpack":1,"minecraft:crafting_table":1,"minecraft:wooden_pickaxe":1,"minecraft:iron_helmet":1,"minecraft:iron_sword":1,"minecraft:light_blue_wool":3,"sophisticatedbackpacks:gold_backpack":1,"minecraft:bucket":2,"minecraft:jungle_planks":24,"minecraft:blue_dye":2,"minecraft:iron_chestplate":1,"minecraft:white_dye":2,"minecraft:stick":72,"minecraft:light_blue_dye":4,"minecraft:iron_ingot":62,"minecraft:iron_pickaxe":2,"minecraft:light_blue_bed":1,"minecraft:stone_sword":1,"minecraft:gold_ingot":8,"minecraft:iron_leggings":1,"minecraft:stonecutter":1,"minecraft:torch":148},"minecraft:custom":{"minecraft:mob_kills":25,"minecraft:interact_with_crafting_table":36,"minecraft:open_barrel":9,"minecraft:leave_game":1,"minecraft:time_since_death":161612,"minecraft:climb_one_cm":5235,"minecraft:sprint_one_cm":109219,"minecraft:walk_one_cm":486249,"minecraft:drop":8,"minecraft:play_time":161612,"minecraft:sneak_time":1387,"minecraft:walk_under_water_one_cm":10773,"minecraft:jump":922,"minecraft:walk_on_water_one_cm":41764,"minecraft:total_world_time":161612,"minecraft:interact_with_furnace":45,"minecraft:interact_with_loom":1,"minecraft:interact_with_stonecutter":1,"minecraft:sleep_in_bed":3,"minecraft:time_since_rest":112257,"minecraft:damage_taken":608,"minecraft:trigger_trapped_chest":1,"minecraft:damage_dealt":3657,"minecraft:fly_one_cm":79524,"minecraft:open_chest":18,"minecraft:crouch_one_cm":2367,"tombstone:undead_killed":9,"minecraft:interact_with_smoker":1,"minecraft:fall_one_cm":9631},"minecraft:mined":{"alexscaves:spelunkery_table":1,"minecraft:tuff":5,"iceandfire:silver_ore":5,"minecraft:mossy_cobblestone":2,"minecraft:deepslate_diamond_ore":5,"born_in_chaos_v1:infected_diamond_ore":3,"minecraft:granite":7,"minecraft:grass_block":29,"twilightforest:canopy_chest":1,"born_in_chaos_v1:black_argillite":7,"minecraft:jungle_log":9,"iceandfire:deepslate_silver_ore":3,"minecraft:cartography_table":1,"minecraft:furnace":3,"minecraft:iron_ore":72,"minecraft:barrel":4,"minecraft:andesite":3,"minecraft:deepslate_iron_ore":19,"minecraft:vine":1,"minecraft:rail":1,"minecraft:stone":177,"minecraft:deepslate_redstone_ore":2,"born_in_chaos_v1:marigolds":1,"quark:dark_oak_chest":1,"minecraft:smoker":1,"minecraft:cornflower":2,"minecraft:oak_fence":7,"minecraft:crafting_table":7,"minecraft:torch":5,"minecraft:chest":1,"minecraft:campfire":1,"minecraft:cobblestone":40,"minecraft:cyan_bed":1,"minecraft:lapis_ore":10,"minecraft:deepslate_gold_ore":20,"minecraft:oak_planks":5,"supplementaries:urn":19,"minecraft:gray_wool":18,"minecraft:light_blue_bed":1,"minecraft:magenta_bed":2,"minecraft:tnt":1,"minecraft:grass":6,"quark:birch_chest":1,"minecraft:coal_ore":122,"luminousworld:ishstone":1,"minecraft:cyan_carpet":9,"minecraft:gravel":3,"minecraft:dirt":10,"minecraft:cobweb":21,"minecraft:stonecutter":1,"minecraft:chipped_anvil":1,"minecraft:mossy_stone_bricks":1,"minecraft:gold_ore":3,"minecraft:deepslate":405}},"DataVersion":3465}