{"stats":{"minecraft:picked_up":{"born_in_chaos_v1:fused_bone":2,"minecraft:crafting_table":2,"minecraft:stick":2,"minecraft:jungle_log":9,"minecraft:leather":5,"minecraft:oak_fence":7,"minecraft:string":2,"minecraft:light_blue_bed":1,"minecraft:cornflower":2,"minecraft:dirt":48,"born_in_chaos_v1:marigolds":1,"minecraft:cyan_carpet":9,"minecraft:beef":7,"minecraft:gray_wool":15,"minecraft:cyan_wool":1,"minecraft:jungle_sapling":2,"minecraft:furnace":1,"minecraft:chest":1,"minecraft:mutton":7,"minecraft:coal":5,"minecraft:white_wool":4,"minecraft:cobblestone":16},"minecraft:killed":{"minecraft:sheep":4,"minecraft:spider":1,"minecraft:cow":3},"minecraft:used":{"minecraft:cooked_mutton":2,"minecraft:jungle_log":3,"minecraft:wooden_pickaxe":25,"minecraft:light_blue_bed":1,"minecraft:wooden_sword":43,"minecraft:dirt":46,"minecraft:crafting_table":1,"minecraft:gray_wool":4},"minecraft:crafted":{"minecraft:cooked_beef":7,"minecraft:wooden_sword":1,"minecraft:white_dye":2,"minecraft:stick":8,"minecraft:light_blue_dye":4,"minecraft:wooden_pickaxe":1,"minecraft:stone_pickaxe":1,"minecraft:light_blue_bed":1,"minecraft:stone_sword":1,"minecraft:light_blue_wool":3,"minecraft:bone_meal":6,"minecraft:cooked_mutton":3,"minecraft:jungle_planks":16,"minecraft:blue_dye":2},"minecraft:custom":{"minecraft:time_since_rest":5346,"minecraft:interact_with_furnace":6,"minecraft:sprint_one_cm":61926,"minecraft:damage_taken":25,"minecraft:walk_one_cm":94565,"minecraft:mob_kills":8,"minecraft:damage_dealt":885,"minecraft:interact_with_crafting_table":5,"minecraft:fly_one_cm":61743,"minecraft:open_chest":1,"minecraft:crouch_one_cm":95,"minecraft:play_time":41612,"minecraft:sneak_time":168,"minecraft:jump":313,"minecraft:time_since_death":41612,"minecraft:leave_game":1,"minecraft:walk_on_water_one_cm":1456,"minecraft:sleep_in_bed":2,"minecraft:total_world_time":41612,"minecraft:climb_one_cm":812,"minecraft:fall_one_cm":4954},"minecraft:mined":{"minecraft:gray_wool":15,"minecraft:light_blue_bed":1,"minecraft:furnace":1,"born_in_chaos_v1:marigolds":1,"minecraft:cornflower":2,"minecraft:oak_fence":7,"minecraft:crafting_table":2,"minecraft:grass":6,"minecraft:grass_block":29,"minecraft:coal_ore":5,"minecraft:chest":1,"minecraft:jungle_log":9,"minecraft:cyan_carpet":9,"minecraft:dirt":5,"minecraft:stone":17}},"DataVersion":3465}