{"stats":{"minecraft:broken":{"minecraft:stone_pickaxe":1,"minecraft:wooden_sword":1,"minecraft:iron_pickaxe":1},"minecraft:picked_up":{"born_in_chaos_v1:fused_bone":2,"born_in_chaos_v1:diamond_termite_shard":1,"minecraft:crafting_table":3,"minecraft:glow_ink_sac":1,"minecraft:andesite":3,"minecraft:jungle_log":9,"luminousworld:ishstone":8,"minecraft:leather":5,"minecraft:oak_log":7,"supplementaries:flax_seeds":5,"born_in_chaos_v1:black_argillite":7,"minecraft:gunpowder":2,"minecraft:lapis_lazuli":62,"minecraft:dirt":53,"minecraft:cornflower":2,"minecraft:string":19,"born_in_chaos_v1:marigolds":1,"minecraft:bone":13,"minecraft:cyan_carpet":9,"minecraft:tnt_minecart":1,"minecraft:raw_gold":4,"minecraft:beef":7,"minecraft:cyan_wool":1,"minecraft:jungle_sapling":2,"minecraft:mossy_stone_bricks":1,"minecraft:iron_pickaxe":1,"minecraft:chest":1,"minecraft:oak_planks":2,"minecraft:furnace":1,"minecraft:oak_slab":1,"minecraft:raw_iron":72,"minecraft:stick":2,"minecraft:oak_fence":10,"minecraft:torch":5,"minecraft:gravel":3,"born_in_chaos_v1:pieceofdarkmetal":1,"minecraft:light_blue_bed":1,"minecraft:mossy_cobblestone":2,"minecraft:barrel":2,"minecraft:tnt":1,"minecraft:arrow":1,"minecraft:rotten_flesh":2,"alexscaves:spelunkery_table":1,"minecraft:granite":7,"minecraft:gray_wool":18,"minecraft:emerald":7,"supplementaries:ash":2,"iceandfire:raw_silver":5,"minecraft:mutton":7,"minecraft:coal":122,"minecraft:white_wool":4,"minecraft:cobblestone":184},"minecraft:dropped":{"minecraft:rotten_flesh":1,"minecraft:barrel":1,"minecraft:iron_pickaxe":1},"minecraft:killed":{"born_in_chaos_v1:diamond_termite":2,"minecraft:spider":1,"minecraft:bat":1,"enemyexpansion:sprinter":2,"minecraft:sheep":4,"minecraft:skeleton":1,"minecraft:zombie":2,"enemyexpansion:huntsman":1,"minecraft:cow":3},"minecraft:used":{"minecraft:cooked_mutton":5,"minecraft:water_bucket":1,"minecraft:stone_sword":103,"minecraft:stone_pickaxe":130,"minecraft:chest":1,"minecraft:wooden_pickaxe":50,"minecraft:torch":43,"minecraft:dirt":49,"minecraft:crafting_table":3,"minecraft:iron_pickaxe":262,"minecraft:jungle_log":3,"minecraft:light_blue_bed":2,"minecraft:barrel":1,"minecraft:wooden_sword":63,"minecraft:cobblestone":63,"minecraft:furnace":1,"minecraft:bucket":1,"minecraft:andesite":3,"alexsmobs:animal_dictionary":1,"minecraft:cooked_beef":1,"minecraft:gray_wool":4,"minecraft:iron_leggings":1},"minecraft:crafted":{"minecraft:cooked_beef":7,"minecraft:wooden_sword":1,"minecraft:oak_planks":28,"sophisticatedbackpacks:backpack":1,"minecraft:crafting_table":1,"minecraft:iron_helmet":1,"minecraft:wooden_pickaxe":1,"minecraft:light_blue_wool":3,"minecraft:bucket":2,"minecraft:bone_meal":6,"minecraft:cooked_mutton":7,"minecraft:jungle_planks":24,"minecraft:blue_dye":2,"minecraft:iron_boots":1,"minecraft:iron_chestplate":1,"minecraft:white_dye":2,"minecraft:stick":24,"minecraft:light_blue_dye":4,"minecraft:iron_ingot":47,"minecraft:iron_pickaxe":2,"minecraft:stone_pickaxe":1,"minecraft:stone_sword":1,"minecraft:light_blue_bed":1,"minecraft:chest":1,"minecraft:iron_leggings":1,"minecraft:torch":64,"sophisticatedbackpacks:iron_backpack":2},"minecraft:custom":{"minecraft:interact_with_furnace":20,"minecraft:mob_kills":18,"minecraft:interact_with_crafting_table":20,"minecraft:open_barrel":4,"minecraft:interact_with_loom":1,"minecraft:leave_game":1,"minecraft:time_since_death":101612,"minecraft:sleep_in_bed":3,"minecraft:climb_one_cm":1153,"minecraft:time_since_rest":52257,"minecraft:sprint_one_cm":91431,"minecraft:damage_taken":379,"minecraft:walk_one_cm":287917,"minecraft:drop":3,"minecraft:damage_dealt":2239,"minecraft:fly_one_cm":66746,"minecraft:open_chest":14,"minecraft:crouch_one_cm":1979,"minecraft:play_time":101612,"tombstone:undead_killed":6,"minecraft:sneak_time":732,"minecraft:walk_under_water_one_cm":6523,"minecraft:jump":633,"minecraft:walk_on_water_one_cm":11049,"minecraft:total_world_time":101612,"minecraft:fall_one_cm":7921},"minecraft:mined":{"alexscaves:spelunkery_table":1,"iceandfire:silver_ore":5,"born_in_chaos_v1:marigolds":1,"minecraft:mossy_cobblestone":2,"born_in_chaos_v1:infected_diamond_ore":3,"minecraft:oak_fence":7,"minecraft:crafting_table":3,"minecraft:cornflower":2,"minecraft:torch":4,"minecraft:granite":7,"minecraft:grass_block":29,"born_in_chaos_v1:black_argillite":7,"minecraft:chest":1,"minecraft:jungle_log":9,"minecraft:cobblestone":6,"minecraft:deepslate_gold_ore":3,"minecraft:lapis_ore":10,"minecraft:oak_planks":2,"supplementaries:urn":9,"minecraft:gray_wool":18,"minecraft:light_blue_bed":1,"minecraft:furnace":1,"minecraft:iron_ore":72,"minecraft:barrel":1,"minecraft:andesite":3,"minecraft:tnt":1,"minecraft:grass":6,"minecraft:vine":1,"minecraft:coal_ore":122,"luminousworld:ishstone":1,"minecraft:gravel":3,"minecraft:cyan_carpet":9,"minecraft:dirt":10,"minecraft:cobweb":17,"minecraft:stone":177,"minecraft:mossy_stone_bricks":1,"minecraft:gold_ore":1}},"DataVersion":3465}