{"stats":{"minecraft:broken":{"minecraft:stone_pickaxe":1,"minecraft:wooden_sword":1},"minecraft:picked_up":{"born_in_chaos_v1:fused_bone":2,"minecraft:crafting_table":2,"minecraft:andesite":1,"minecraft:jungle_log":9,"luminousworld:ishstone":8,"minecraft:leather":5,"minecraft:oak_log":7,"minecraft:gunpowder":2,"minecraft:lapis_lazuli":30,"minecraft:dirt":50,"minecraft:cornflower":2,"minecraft:string":18,"born_in_chaos_v1:marigolds":1,"minecraft:bone":11,"minecraft:cyan_carpet":9,"minecraft:beef":7,"minecraft:cyan_wool":1,"minecraft:jungle_sapling":2,"minecraft:iron_pickaxe":1,"minecraft:chest":1,"minecraft:furnace":1,"minecraft:oak_slab":1,"minecraft:raw_iron":42,"minecraft:stick":2,"minecraft:oak_fence":10,"minecraft:torch":3,"minecraft:light_blue_bed":1,"minecraft:mossy_cobblestone":2,"minecraft:barrel":1,"minecraft:tnt":1,"minecraft:arrow":1,"minecraft:rotten_flesh":2,"alexscaves:spelunkery_table":1,"minecraft:granite":6,"minecraft:gray_wool":18,"minecraft:emerald":2,"iceandfire:raw_silver":4,"minecraft:mutton":7,"minecraft:coal":83,"minecraft:white_wool":4,"minecraft:cobblestone":145},"minecraft:dropped":{"minecraft:iron_pickaxe":1},"minecraft:killed":{"minecraft:spider":1,"minecraft:bat":1,"enemyexpansion:sprinter":2,"minecraft:sheep":4,"minecraft:skeleton":1,"minecraft:zombie":1,"enemyexpansion:huntsman":1,"minecraft:cow":3},"minecraft:used":{"minecraft:cooked_mutton":3,"minecraft:stone_sword":58,"minecraft:stone_pickaxe":130,"minecraft:chest":1,"minecraft:wooden_pickaxe":50,"minecraft:torch":11,"minecraft:dirt":46,"minecraft:crafting_table":2,"minecraft:iron_pickaxe":117,"minecraft:jungle_log":3,"minecraft:light_blue_bed":2,"minecraft:wooden_sword":63,"minecraft:cobblestone":49,"minecraft:furnace":1,"minecraft:andesite":1,"alexsmobs:animal_dictionary":1,"minecraft:gray_wool":4,"minecraft:iron_leggings":1},"minecraft:crafted":{"minecraft:cooked_beef":7,"minecraft:wooden_sword":1,"minecraft:iron_helmet":1,"minecraft:wooden_pickaxe":1,"minecraft:light_blue_wool":3,"minecraft:bucket":2,"minecraft:bone_meal":6,"minecraft:cooked_mutton":7,"minecraft:jungle_planks":16,"minecraft:blue_dye":2,"minecraft:iron_boots":1,"minecraft:iron_chestplate":1,"minecraft:white_dye":2,"minecraft:stick":12,"minecraft:light_blue_dye":4,"minecraft:iron_ingot":33,"minecraft:iron_pickaxe":1,"minecraft:stone_pickaxe":1,"minecraft:stone_sword":1,"minecraft:light_blue_bed":1,"minecraft:iron_leggings":1,"minecraft:torch":16},"minecraft:custom":{"minecraft:interact_with_furnace":16,"minecraft:mob_kills":15,"minecraft:interact_with_crafting_table":14,"minecraft:open_barrel":1,"minecraft:interact_with_loom":1,"minecraft:leave_game":1,"minecraft:time_since_death":77612,"minecraft:sleep_in_bed":3,"minecraft:climb_one_cm":812,"minecraft:time_since_rest":28257,"minecraft:sprint_one_cm":64412,"minecraft:damage_taken":240,"minecraft:walk_one_cm":188973,"minecraft:drop":1,"minecraft:damage_dealt":1709,"minecraft:fly_one_cm":64396,"minecraft:open_chest":7,"minecraft:crouch_one_cm":261,"minecraft:play_time":77612,"tombstone:undead_killed":5,"minecraft:sneak_time":315,"minecraft:walk_under_water_one_cm":3403,"minecraft:jump":540,"minecraft:walk_on_water_one_cm":6418,"minecraft:total_world_time":77612,"minecraft:fall_one_cm":6638},"minecraft:mined":{"alexscaves:spelunkery_table":1,"iceandfire:silver_ore":4,"born_in_chaos_v1:marigolds":1,"minecraft:mossy_cobblestone":2,"minecraft:oak_fence":7,"minecraft:crafting_table":2,"minecraft:cornflower":2,"minecraft:torch":3,"minecraft:granite":6,"minecraft:grass_block":29,"minecraft:chest":1,"minecraft:jungle_log":9,"minecraft:cobblestone":5,"minecraft:lapis_ore":4,"supplementaries:urn":3,"minecraft:gray_wool":18,"minecraft:light_blue_bed":1,"minecraft:furnace":1,"minecraft:iron_ore":42,"minecraft:barrel":1,"minecraft:andesite":1,"minecraft:tnt":1,"minecraft:grass":6,"minecraft:coal_ore":86,"luminousworld:ishstone":1,"minecraft:cyan_carpet":9,"minecraft:dirt":7,"minecraft:cobweb":16,"minecraft:stone":139}},"DataVersion":3465}